idx,score,label,flag,thr_stream,lat_ms
0,0.469355,0,0,0.469355,7.67084
1,0.469355,0,0,0.469355,7.98204
2,0.469355,0,0,0.469355,7.35396
3,0.469355,0,0,0.469355,7.34508
4,0.469355,0,0,0.469355,7.24013
5,0.469355,0,0,0.469355,6.98486
6,0.469355,0,0,0.469355,7.32576
7,0.469355,0,0,0.469355,7.09022
8,0.469355,0,0,0.469355,7.12314
9,0.469355,0,0,0.469355,7.19293
10,0.469355,0,0,0.469355,7.15357
11,0.469355,0,0,0.469355,7.29913
12,0.469355,0,0,0.469355,6.95404
13,0.469355,0,0,0.469355,7.27069
14,0.469355,0,0,0.469355,7.06413
15,0.469355,0,0,0.469355,7.24602
16,0.469355,0,0,0.469355,6.94293
17,0.469355,0,0,0.469355,9.18955
18,0.469355,0,0,0.469355,7.2641
19,0.757993,1,0,0.757993,7.54373
20,0.469355,0,0,0.757993,7.28608
21,0.469355,0,0,0.757993,7.17452
22,0.469355,0,0,0.757993,7.40533
23,0.469355,0,0,0.757993,7.20182
24,0.469355,0,0,0.757993,7.12476
25,0.469355,0,0,0.757993,7.24656
26,0.469355,0,0,0.757993,7.42663
27,0.469355,0,0,0.757993,7.32731
28,0.469355,0,0,0.757993,7.53003
29,0.469355,0,0,0.757993,7.01789
30,0.469355,0,0,0.757993,7.0778
31,0.469355,0,0,0.757993,7.19312
32,0.469355,0,0,0.757993,7.01289
33,0.469355,0,0,0.757993,7.62593
34,0.469355,0,0,0.757993,7.15692
35,0.469355,0,0,0.757993,7.41642
36,0.469355,0,0,0.757993,7.05069
37,0.469355,0,0,0.757993,7.27001
38,0.469355,0,0,0.757993,6.82192
39,0.469355,0,0,0.757993,7.20001
40,0.469355,0,0,0.757993,7.41306
41,0.469355,0,0,0.757993,6.98918
42,0.469355,0,0,0.757993,7.06211
43,0.469355,0,0,0.757993,7.02241
44,0.469355,0,0,0.757993,7.33291
45,0.469355,0,0,0.757993,7.18325
46,0.469355,0,0,0.757993,6.94545
47,0.469355,0,0,0.757993,7.68859
48,0.469355,0,0,0.757993,6.97675
49,0.469355,0,0,0.757993,7.37265
50,0.469355,0,0,0.469355,7.18179
51,0.469355,0,0,0.469355,7.46039
52,0.469355,0,0,0.469355,7.16478
53,0.469355,0,0,0.469355,7.14065
54,0.469355,0,0,0.469355,7.07727
55,0.469355,0,0,0.469355,6.95574
56,0.469355,0,0,0.469355,7.17929
57,0.469355,0,0,0.469355,6.95523
58,0.469355,0,0,0.469355,7.54325
59,0.757993,1,0,0.757993,7.03703
60,0.469355,0,0,0.757993,7.25143
61,0.469355,0,0,0.757993,6.93768
62,0.469355,0,0,0.757993,6.93124
63,0.469355,0,0,0.757993,7.31688
64,0.469355,0,0,0.757993,6.87019
65,0.469355,0,0,0.757993,7.61292
66,0.469355,0,0,0.757993,7.16897
67,0.469355,0,0,0.757993,7.25564
68,0.469355,0,0,0.757993,7.09166
69,0.469355,0,0,0.757993,7.29788
70,0.469355,0,0,0.757993,7.23988
71,0.469355,0,0,0.757993,7.14239
72,0.469355,0,0,0.757993,7.34526
73,0.757993,1,0,0.757993,7.059
74,0.469355,0,0,0.757993,7.14774
75,0.469355,0,0,0.757993,6.95108
76,0.469355,0,0,0.757993,7.57245
77,0.469355,0,0,0.757993,7.10965
78,0.469355,0,0,0.757993,6.89389
79,0.469355,0,0,0.757993,7.41145
80,0.469355,0,0,0.757993,7.12569
81,0.469355,0,0,0.757993,7.88643
82,0.469355,0,0,0.757993,7.01828
83,0.757993,1,0,0.757993,7.25137
84,0.469355,0,0,0.757993,6.98543
85,0.469355,0,0,0.757993,7.47902
86,0.469355,0,0,0.757993,7.32396
87,0.757993,1,0,0.757993,7.07971
88,0.469355,0,0,0.757993,7.04753
89,0.469355,0,0,0.757993,7.02174
90,0.469355,0,0,0.757993,7.21909
91,0.469355,0,0,0.757993,7.08131
92,0.469355,0,0,0.757993,7.43233
93,0.469355,0,0,0.757993,7.01574
94,0.469355,0,0,0.757993,7.05687
95,0.469355,0,0,0.757993,7.26317
96,0.469355,0,0,0.757993,6.90028
97,0.469355,0,0,0.757993,7.88072
98,0.469355,0,0,0.757993,7.16755
99,0.469355,0,0,0.757993,7.33254
100,0.469355,0,0,0.757993,7.04984
101,0.469355,0,0,0.757993,7.15043
102,0.469355,0,0,0.757993,7.3284
103,0.469355,0,0,0.757993,7.02393
104,0.469355,0,0,0.757993,7.3399
105,0.469355,0,0,0.757993,6.98922
106,0.469355,0,0,0.757993,7.71945
107,0.469355,0,0,0.757993,7.16344
108,0.469355,0,0,0.757993,7.12937
109,0.469355,0,0,0.757993,7.49663
110,0.469355,0,0,0.757993,6.94703
111,0.469355,0,0,0.757993,7.31982
112,0.469355,0,0,0.757993,7.02338
113,0.469355,0,0,0.757993,7.68003
114,0.469355,0,0,0.757993,6.98353
115,0.469355,0,0,0.757993,7.22295
116,0.469355,0,0,0.757993,7.22573
117,0.469355,0,0,0.757993,7.02048
118,0.469355,0,0,0.757993,7.22497
119,0.469355,0,0,0.757993,6.96608
120,0.469355,0,0,0.757993,8.48203
121,0.469355,0,0,0.757993,7.14369
122,0.469355,0,0,0.757993,7.07265
123,0.469355,0,0,0.757993,7.10367
124,0.469355,0,0,0.757993,7.19807
125,0.469355,0,0,0.757993,7.20162
126,0.469355,0,0,0.757993,7.29531
127,0.469355,0,0,0.757993,7.33769
128,0.469355,0,0,0.757993,7.31591
129,0.469355,0,0,0.757993,8.48727
130,0.469355,0,0,0.757993,7.27531
131,0.469355,0,0,0.757993,7.3981
132,0.469355,0,0,0.757993,7.19075
133,0.469355,0,0,0.757993,7.02159
134,0.469355,0,0,0.757993,7.11337
135,0.469355,0,0,0.757993,7.13928
136,0.469355,0,0,0.757993,7.30119
137,0.469355,0,0,0.757993,7.04903
138,0.469355,0,0,0.757993,7.24103
139,0.469355,0,0,0.757993,7.19
140,0.469355,0,0,0.757993,6.93872
141,0.469355,0,0,0.757993,7.34003
142,0.469355,0,0,0.757993,7.16584
143,0.469355,0,0,0.757993,7.31057
144,0.469355,0,0,0.757993,7.2161
145,0.469355,0,0,0.757993,7.61103
146,0.469355,0,0,0.757993,7.0298
147,0.469355,0,0,0.757993,7.09259
148,0.469355,0,0,0.757993,7.16073
149,0.757993,1,0,0.757993,7.08779
150,0.469355,0,0,0.757993,7.5299
151,0.469355,0,0,0.757993,7.33049
152,0.469355,0,0,0.757993,7.23791
153,0.469355,0,0,0.757993,7.12813
154,0.469355,0,0,0.757993,7.28087
155,0.469355,0,0,0.757993,7.09726
156,0.469355,0,0,0.757993,7.15168
157,0.469355,0,0,0.757993,7.13592
158,0.469355,0,0,0.757993,7.0689
159,0.469355,0,0,0.757993,7.2301
160,0.469355,0,0,0.757993,7.03966
161,0.469355,0,0,0.757993,7.68553
162,0.469355,0,0,0.757993,7.63369
163,0.469355,0,0,0.757993,7.13213
164,0.469355,0,0,0.757993,7.13686
165,0.469355,0,0,0.757993,7.18028
166,0.469355,0,0,0.757993,7.11582
167,0.469355,0,0,0.757993,7.13352
168,0.469355,0,0,0.757993,7.2792
169,0.469355,0,0,0.757993,7.03822
170,0.469355,0,0,0.757993,7.17002
171,0.469355,0,0,0.757993,7.20184
172,0.469355,0,0,0.757993,7.03333
173,0.469355,0,0,0.757993,7.52255
174,0.469355,0,0,0.757993,7.24889
175,0.469355,0,0,0.757993,7.14241
176,0.469355,0,0,0.757993,7.25535
177,0.469355,0,0,0.757993,7.67115
178,0.469355,0,0,0.757993,7.12801
179,0.469355,0,0,0.757993,7.08793
180,0.469355,0,0,0.757993,7.79894
181,0.469355,0,0,0.757993,7.42319
182,0.469355,0,0,0.757993,7.16793
183,0.469355,0,0,0.757993,7.00076
184,0.469355,0,0,0.757993,7.45296
185,0.469355,0,0,0.757993,7.20106
186,0.469355,0,0,0.757993,7.35867
187,0.757993,1,0,0.757993,6.95864
188,0.469355,0,0,0.757993,7.17583
189,0.469355,0,0,0.757993,7.38964
190,0.469355,0,0,0.757993,7.01013
191,0.469355,0,0,0.757993,7.23216
192,0.469355,0,0,0.757993,7.04676
193,0.469355,0,0,0.757993,7.53252
194,0.469355,0,0,0.757993,7.04839
195,0.469355,0,0,0.757993,7.08416
196,0.469355,0,0,0.757993,7.37608
197,0.469355,0,0,0.757993,7.12648
198,0.469355,0,0,0.757993,7.39697
199,0.469355,0,0,0.757993,7.30441
200,0.469355,0,0,0.757993,7.34082
201,0.469355,0,0,0.757993,7.05857
202,0.469355,0,0,0.757993,7.43544
203,0.469355,0,0,0.757993,7.27107
204,0.469355,0,0,0.757993,6.95968
205,0.469355,0,0,0.757993,7.44699
206,0.469355,0,0,0.757993,7.14598
207,0.469355,0,0,0.757993,7.1187
208,0.469355,0,0,0.757993,7.14969
209,0.469355,0,0,0.757993,8.15808
210,0.469355,0,0,0.757993,7.40497
211,0.469355,0,0,0.757993,7.00173
212,0.469355,0,0,0.757993,7.39007
213,0.469355,0,0,0.757993,6.89793
214,0.469355,0,0,0.757993,7.5204
215,0.469355,0,0,0.757993,7.1623
216,0.469355,0,0,0.757993,7.56854
217,0.469355,0,0,0.757993,7.06175
218,0.469355,0,0,0.757993,7.24443
219,0.469355,0,0,0.757993,7.2482
220,0.469355,0,0,0.757993,7.02336
221,0.469355,0,0,0.757993,7.27354
222,0.469355,0,0,0.757993,7.03431
223,0.469355,0,0,0.757993,7.48168
224,0.469355,0,0,0.757993,7.06759
225,0.469355,0,0,0.757993,8.10358
226,0.757993,1,0,0.757993,7.03757
227,0.469355,0,0,0.757993,7.32169
228,0.469355,0,0,0.757993,7.22263
229,0.469355,0,0,0.757993,7.27241
230,0.757993,1,0,0.757993,7.19355
231,0.469355,0,0,0.757993,7.20685
232,0.469355,0,0,0.757993,7.18651
233,0.469355,0,0,0.757993,7.10391
234,0.469355,0,0,0.757993,7.19033
235,0.469355,0,0,0.757993,7.29912
236,0.469355,0,0,0.757993,7.12343
237,0.469355,0,0,0.757993,7.03882
238,0.469355,0,0,0.757993,7.28452
239,0.469355,0,0,0.757993,7.22445
240,0.469355,0,0,0.757993,7.13619
241,0.469355,0,0,0.757993,7.0773
242,0.469355,0,0,0.757993,7.54026
243,0.469355,0,0,0.757993,6.98211
244,0.469355,0,0,0.757993,7.67201
245,0.469355,0,0,0.757993,7.28629
246,0.469355,0,0,0.757993,7.2199
247,0.469355,0,0,0.757993,7.34417
248,0.469355,0,0,0.757993,7.39149
249,0.469355,0,0,0.757993,6.97715
250,0.469355,0,0,0.757993,7.07576
251,0.469355,0,0,0.757993,7.55803
252,0.469355,0,0,0.757993,7.12497
253,0.469355,0,0,0.757993,7.40488
254,0.469355,0,0,0.757993,7.17371
255,0.469355,0,0,0.757993,7.26046
256,0.469355,0,0,0.757993,7.09503
257,0.469355,0,0,0.757993,7.16807
258,0.469355,0,0,0.757993,7.37108
259,0.469355,0,0,0.757993,7.09829
260,0.469355,0,0,0.757993,7.17903
261,0.469355,0,0,0.757993,6.94024
262,0.469355,0,0,0.757993,7.5319
263,0.469355,0,0,0.757993,7.32541
264,0.469355,0,0,0.757993,7.43015
265,0.469355,0,0,0.757993,7.08519
266,0.469355,0,0,0.757993,7.2706
267,0.469355,0,0,0.757993,7.00016
268,0.469355,0,0,0.757993,7.12116
269,0.469355,0,0,0.757993,7.41756
270,0.469355,0,0,0.757993,7.01787
271,0.469355,0,0,0.757993,7.53797
272,0.469355,0,0,0.757993,7.0244
273,0.469355,0,0,0.757993,6.96214
274,0.469355,0,0,0.757993,7.50587
275,0.469355,0,0,0.757993,7.08142
276,0.469355,0,0,0.757993,7.27764
277,0.469355,0,0,0.757993,7.2067
278,0.469355,0,0,0.757993,7.03547
279,0.469355,0,0,0.757993,7.0569
280,0.469355,0,0,0.757993,7.18216
281,0.469355,0,0,0.757993,7.38887
282,0.469355,0,0,0.757993,7.13057
283,0.469355,0,0,0.757993,7.40962
284,0.469355,0,0,0.757993,7.11585
285,0.469355,0,0,0.757993,7.39506
286,0.469355,0,0,0.757993,7.19616
287,0.469355,0,0,0.757993,7.31868
288,0.469355,0,0,0.757993,7.10209
289,0.469355,0,0,0.757993,7.24786
290,0.469355,0,0,0.757993,7.98198
291,0.469355,0,0,0.757993,7.019
292,0.469355,0,0,0.757993,7.38131
293,0.469355,0,0,0.757993,7.01638
294,0.469355,0,0,0.757993,7.30504
295,0.469355,0,0,0.757993,7.0427
296,0.469355,0,0,0.757993,7.13625
297,0.469355,0,0,0.757993,7.03666
298,0.469355,0,0,0.757993,7.155
299,0.469355,0,0,0.757993,7.33514
300,0.469355,0,0,0.757993,6.99366
301,0.469355,0,0,0.757993,7.38045
302,0.469355,0,0,0.757993,7.08233
303,0.469355,0,0,0.757993,7.28332
304,0.469355,0,0,0.757993,7.10929
305,0.469355,0,0,0.757993,7.21371
306,0.469355,0,0,0.757993,8.34637
307,0.469355,0,0,0.757993,7.21541
308,0.469355,0,0,0.757993,7.40323
309,0.469355,0,0,0.757993,7.02886
310,0.469355,0,0,0.757993,7.30556
311,0.469355,0,0,0.757993,7.13796
312,0.469355,0,0,0.757993,7.19763
313,0.469355,0,0,0.757993,7.09632
314,0.469355,0,0,0.757993,7.09327
315,0.469355,0,0,0.757993,7.12904
316,0.469355,0,0,0.757993,7.24471
317,0.469355,0,0,0.757993,7.48139
318,0.469355,0,0,0.757993,7.18653
319,0.469355,0,0,0.757993,7.13788
320,0.469355,0,0,0.757993,7.08785
321,0.469355,0,0,0.757993,7.29741
322,0.469355,0,0,0.757993,7.43139
323,0.469355,0,0,0.757993,7.20639
324,0.469355,0,0,0.757993,7.09956
325,0.469355,0,0,0.757993,7.20635
326,0.469355,0,0,0.757993,7.21034
327,0.469355,0,0,0.757993,7.28587
328,0.469355,0,0,0.757993,7.18479
329,0.469355,0,0,0.757993,7.34308
330,0.469355,0,0,0.757993,6.97807
331,0.469355,0,0,0.757993,7.14021
332,0.469355,0,0,0.757993,7.133
333,0.469355,0,0,0.757993,7.55045
334,0.469355,0,0,0.757993,7.30516
335,0.469355,0,0,0.757993,7.40103
336,0.469355,0,0,0.757993,7.14362
337,0.469355,0,0,0.757993,7.81311
338,0.469355,0,0,0.757993,7.10358
339,0.469355,0,0,0.757993,6.91639
340,0.469355,0,0,0.757993,7.72203
341,0.469355,0,0,0.757993,7.20605
342,0.469355,0,0,0.757993,7.72257
343,0.469355,0,0,0.757993,7.27701
344,0.469355,0,0,0.757993,7.56202
345,0.469355,0,0,0.757993,6.87118
346,0.469355,0,0,0.757993,7.48222
347,0.469355,0,0,0.757993,7.24793
348,0.469355,0,0,0.757993,7.21656
349,0.469355,0,0,0.757993,7.58688
350,0.469355,0,0,0.757993,7.14414
351,0.469355,0,0,0.757993,7.17016
352,0.469355,0,0,0.757993,7.02447
353,0.469355,0,0,0.757993,7.32124
354,0.469355,0,0,0.757993,7.04327
355,0.469355,0,0,0.757993,7.27506
356,0.469355,0,0,0.757993,6.89227
357,0.469355,0,0,0.757993,6.98951
358,0.469355,0,0,0.757993,7.44966
359,0.469355,0,0,0.757993,7.24058
360,0.469355,0,0,0.757993,7.07404
361,0.469355,0,0,0.757993,7.06088
362,0.469355,0,0,0.757993,7.35426
363,0.469355,0,0,0.757993,6.97842
364,0.469355,0,0,0.757993,7.22363
365,0.469355,0,0,0.757993,7.39308
366,0.469355,0,0,0.757993,7.03441
367,0.469355,0,0,0.757993,7.08588
368,0.469355,0,0,0.757993,7.09548
369,0.469355,0,0,0.757993,7.28286
370,0.469355,0,0,0.757993,7.08584
371,0.469355,0,0,0.757993,7.0813
372,0.469355,0,0,0.757993,7.18115
373,0.469355,0,0,0.757993,7.15864
374,0.469355,0,0,0.757993,7.33096
375,0.469355,0,0,0.757993,7.20582
376,0.469355,0,0,0.757993,7.52061
377,0.469355,0,0,0.757993,7.20122
378,0.469355,0,0,0.757993,7.11301
379,0.469355,0,0,0.757993,7.08966
380,0.469355,0,0,0.757993,6.99189
381,0.469355,0,0,0.757993,7.33758
382,0.469355,0,0,0.757993,7.17282
383,0.469355,0,0,0.757993,7.37494
384,0.469355,0,0,0.757993,7.14196
385,0.469355,0,0,0.757993,7.60531
386,0.469355,0,0,0.757993,7.0316
387,0.757993,1,0,0.757993,7.20161
388,0.469355,0,0,0.757993,7.32081
389,0.469355,0,0,0.757993,6.94549
390,0.469355,0,0,0.757993,7.58226
391,0.469355,0,0,0.757993,7.03419
392,0.469355,0,0,0.757993,7.63973
393,0.469355,0,0,0.757993,7.95459
394,0.469355,0,0,0.757993,7.30858
395,0.469355,0,0,0.757993,7.1412
396,0.469355,0,0,0.757993,7.11897
397,0.469355,0,0,0.757993,7.22641
398,0.469355,0,0,0.757993,6.97866
399,0.469355,0,0,0.757993,7.30901
400,0.469355,0,0,0.757993,7.14502
401,0.469355,0,0,0.757993,8.12616
402,0.469355,0,0,0.757993,7.17336
403,0.469355,0,0,0.757993,7.34538
404,0.469355,0,0,0.757993,7.06475
405,0.469355,0,0,0.757993,7.21569
406,0.469355,0,0,0.757993,7.4203
407,0.469355,0,0,0.757993,7.08891
408,0.469355,0,0,0.757993,7.78356
409,0.469355,0,0,0.757993,7.37816
410,0.469355,0,0,0.757993,7.62607
411,0.469355,0,0,0.757993,7.77201
412,0.469355,0,0,0.757993,7.33732
413,0.469355,0,0,0.757993,7.28782
414,0.469355,0,0,0.757993,7.03662
415,0.469355,0,0,0.757993,7.24718
416,0.469355,0,0,0.757993,6.9812
417,0.469355,0,0,0.757993,7.63224
418,0.469355,0,0,0.757993,7.28177
419,0.469355,0,0,0.757993,7.70866
420,0.469355,0,0,0.757993,7.07476
421,0.469355,0,0,0.757993,7.55507
422,0.469355,0,0,0.757993,7.10262
423,0.469355,0,0,0.757993,7.1763
424,0.469355,0,0,0.757993,7.34882
425,0.469355,0,0,0.757993,7.13316
426,0.469355,0,0,0.757993,8.04067
427,0.469355,0,0,0.757993,7.17522
428,0.469355,0,0,0.757993,7.21369
429,0.469355,0,0,0.757993,7.23325
430,0.469355,0,0,0.757993,7.21633
431,0.469355,0,0,0.757993,7.25489
432,0.469355,0,0,0.757993,7.12314
433,0.469355,0,0,0.757993,8.02317
434,0.469355,0,0,0.757993,7.15973
435,0.469355,0,0,0.757993,7.26377
436,0.469355,0,0,0.757993,7.15189
437,0.469355,0,0,0.757993,7.28397
438,0.757993,1,0,0.757993,7.03089
439,0.469355,0,0,0.757993,7.03216
440,0.469355,0,0,0.757993,7.69759
441,0.469355,0,0,0.757993,6.99983
442,0.469355,0,0,0.757993,7.0966
443,0.469355,0,0,0.757993,7.09791
444,0.469355,0,0,0.757993,7.49148
445,0.469355,0,0,0.757993,7.16003
446,0.469355,0,0,0.757993,6.95163
447,0.469355,0,0,0.757993,7.3873
448,0.469355,0,0,0.757993,7.11133
449,0.469355,0,0,0.757993,7.623
450,0.469355,0,0,0.757993,7.1442
451,0.469355,0,0,0.757993,7.52243
452,0.469355,0,0,0.757993,6.94929
453,0.469355,0,0,0.757993,7.45846
454,0.469355,0,0,0.757993,7.06464
455,0.469355,0,0,0.757993,6.98999
456,0.469355,0,0,0.757993,7.36589
457,0.469355,0,0,0.757993,6.9954
458,0.469355,0,0,0.757993,7.61451
459,0.469355,0,0,0.757993,7.11461
460,0.469355,0,0,0.757993,7.14457
461,0.469355,0,0,0.757993,6.92478
462,0.469355,0,0,0.757993,7.2697
463,0.469355,0,0,0.757993,7.2599
464,0.469355,0,0,0.757993,6.91776
465,0.469355,0,0,0.757993,8.07547
466,0.469355,0,0,0.757993,7.2022
467,0.469355,0,0,0.757993,7.79191
468,0.469355,0,0,0.757993,7.45451
469,0.469355,0,0,0.757993,7.26346
470,0.469355,0,0,0.757993,7.00315
471,0.469355,0,0,0.757993,7.2954
472,0.469355,0,0,0.757993,7.24085
473,0.469355,0,0,0.757993,7.06506
474,0.469355,0,0,0.757993,7.25318
475,0.469355,0,0,0.757993,7.11477
476,0.469355,0,0,0.757993,7.29105
477,0.469355,0,0,0.757993,7.06304
478,0.469355,0,0,0.757993,7.19181
479,0.469355,0,0,0.757993,7.38432
480,0.469355,0,0,0.757993,7.13811
481,0.469355,0,0,0.757993,7.66424
482,0.469355,0,0,0.757993,7.0338
483,0.469355,0,0,0.757993,8.36611
484,0.757993,1,0,0.757993,7.16593
485,0.469355,0,0,0.757993,7.14047
486,0.469355,0,0,0.757993,6.98245
487,0.469355,0,0,0.757993,7.60196
488,0.469355,0,0,0.757993,7.0995
489,0.469355,0,0,0.757993,7.09218
490,0.469355,0,0,0.757993,7.4439
491,0.469355,0,0,0.757993,7.06705
492,0.469355,0,0,0.757993,7.58101
493,0.469355,0,0,0.757993,7.22723
494,0.469355,0,0,0.757993,7.31234
495,0.469355,0,0,0.757993,7.12118
496,0.469355,0,0,0.757993,7.40474
497,0.469355,0,0,0.757993,7.60289
498,0.469355,0,0,0.757993,7.32799
499,0.469355,0,0,0.757993,7.25603
500,0.469355,0,0,0.757993,6.957
501,0.469355,0,0,0.757993,7.78594
502,0.469355,0,0,0.757993,7.189
503,0.469355,0,0,0.757993,7.30898
504,0.469355,0,0,0.757993,7.03267
505,0.469355,0,0,0.757993,7.13032
506,0.757993,1,0,0.757993,7.13456
507,0.469355,0,0,0.757993,7.13629
508,0.469355,0,0,0.757993,7.4641
509,0.469355,0,0,0.757993,6.94943
510,0.469355,0,0,0.757993,7.31107
511,0.469355,0,0,0.757993,7.01244
512,0.469355,0,0,0.757993,7.09928
513,0.469355,0,0,0.757993,8.02942
514,0.469355,0,0,0.757993,7.14678
515,0.469355,0,0,0.757993,7.12365
516,0.469355,0,0,0.757993,7.16503
517,0.469355,0,0,0.757993,7.13656
518,0.469355,0,0,0.757993,7.04412
519,0.469355,0,0,0.757993,7.36933
520,0.469355,0,0,0.757993,7.65871
521,0.469355,0,0,0.757993,7.21179
522,0.757993,1,0,0.757993,7.17308
523,0.469355,0,0,0.757993,7.0602
524,0.469355,0,0,0.757993,7.10659
525,0.469355,0,0,0.757993,7.13
526,0.469355,0,0,0.757993,7.44732
527,0.469355,0,0,0.757993,7.22104
528,0.469355,0,0,0.757993,7.56176
529,0.469355,0,0,0.757993,7.30879
530,0.469355,0,0,0.757993,7.13332
531,0.469355,0,0,0.757993,7.40753
532,0.469355,0,0,0.757993,7.05673
533,0.469355,0,0,0.757993,7.34521
534,0.469355,0,0,0.757993,6.986
535,0.469355,0,0,0.757993,7.68049
536,0.757993,1,0,0.757993,7.02372
537,0.469355,0,0,0.757993,7.82308
538,0.469355,0,0,0.757993,7.14607
539,0.469355,0,0,0.757993,6.98965
540,0.469355,0,0,0.757993,7.35724
541,0.469355,0,0,0.757993,7.16046
542,0.469355,0,0,0.757993,7.64155
543,0.469355,0,0,0.757993,7.39279
544,0.469355,0,0,0.757993,7.36404
545,0.469355,0,0,0.757993,6.98918
546,0.469355,0,0,0.757993,7.32475
547,0.469355,0,0,0.757993,6.98953
548,0.469355,0,0,0.757993,7.19745
549,0.469355,0,0,0.757993,7.28508
550,0.469355,0,0,0.757993,7.20119
551,0.469355,0,0,0.757993,7.20815
552,0.469355,0,0,0.757993,7.12119
553,0.469355,0,0,0.757993,7.27182
554,0.469355,0,0,0.757993,6.97283
555,0.469355,0,0,0.757993,7.32043
556,0.469355,0,0,0.757993,7.16738
557,0.469355,0,0,0.757993,7.11031
558,0.469355,0,0,0.757993,7.294
559,0.469355,0,0,0.757993,7.0965
560,0.469355,0,0,0.757993,7.59113
561,0.469355,0,0,0.757993,7.16816
562,0.469355,0,0,0.757993,7.53258
563,0.469355,0,0,0.757993,6.95812
564,0.757993,1,0,0.757993,7.17535
565,0.469355,0,0,0.757993,7.37088
566,0.469355,0,0,0.757993,7.19616
567,0.469355,0,0,0.757993,7.26272
568,0.757993,1,0,0.757993,7.21448
569,0.469355,0,0,0.757993,7.15071
570,0.469355,0,0,0.757993,7.21716
571,0.469355,0,0,0.757993,7.26584
572,0.469355,0,0,0.757993,7.34343
573,0.469355,0,0,0.757993,7.09783
574,0.469355,0,0,0.757993,7.56158
575,0.469355,0,0,0.757993,7.25209
576,0.469355,0,0,0.757993,8.27433
577,0.469355,0,0,0.757993,7.21144
578,0.469355,0,0,0.757993,7.33472
579,0.469355,0,0,0.757993,7.14971
580,0.469355,0,0,0.757993,7.32737
581,0.469355,0,0,0.757993,6.99322
582,0.469355,0,0,0.757993,7.05571
583,0.469355,0,0,0.757993,7.43581
584,0.469355,0,0,0.757993,7.09126
585,0.469355,0,0,0.757993,7.34338
586,0.469355,0,0,0.757993,7.4863
587,0.469355,0,0,0.757993,7.34891
588,0.469355,0,0,0.757993,7.17225
589,0.469355,0,0,0.757993,7.06574
590,0.469355,0,0,0.757993,7.18912
591,0.469355,0,0,0.757993,7.19724
592,0.469355,0,0,0.757993,7.67968
593,0.469355,0,0,0.757993,6.99361
594,0.469355,0,0,0.757993,7.33054
595,0.469355,0,0,0.757993,7.06934
596,0.469355,0,0,0.757993,7.16249
597,0.469355,0,0,0.757993,7.03106
598,0.469355,0,0,0.757993,7.10981
599,0.469355,0,0,0.757993,7.18123
600,0.469355,0,0,0.757993,7.02363
601,0.469355,0,0,0.757993,7.69956
602,0.469355,0,0,0.757993,7.10452
603,0.469355,0,0,0.757993,7.47888
604,0.469355,0,0,0.757993,6.9733
605,0.469355,0,0,0.757993,7.32897
606,0.469355,0,0,0.757993,7.15319
607,0.469355,0,0,0.757993,6.83038
608,0.469355,0,0,0.757993,7.70442
609,0.757993,1,0,0.757993,7.3527
610,0.469355,0,0,0.757993,7.9548
611,0.469355,0,0,0.757993,7.10015
612,0.469355,0,0,0.757993,7.29497
613,0.469355,0,0,0.757993,7.03652
614,0.469355,0,0,0.757993,6.96362
615,0.469355,0,0,0.757993,7.4547
616,0.469355,0,0,0.757993,6.98766
617,0.469355,0,0,0.757993,7.15446
618,0.469355,0,0,0.757993,7.17209
619,0.469355,0,0,0.757993,7.49002
620,0.469355,0,0,0.757993,7.00068
621,0.469355,0,0,0.757993,7.1001
622,0.469355,0,0,0.757993,7.18065
623,0.469355,0,0,0.757993,6.96881
624,0.469355,0,0,0.757993,7.95489
625,0.469355,0,0,0.757993,6.94212
626,0.469355,0,0,0.757993,7.34345
627,0.469355,0,0,0.757993,7.18221
628,0.469355,0,0,0.757993,7.16575
629,0.469355,0,0,0.757993,7.30333
630,0.469355,0,0,0.757993,7.42536
631,0.469355,0,0,0.757993,7.69511
632,0.469355,0,0,0.757993,7.15214
633,0.469355,0,0,0.757993,7.20938
634,0.469355,0,0,0.757993,7.12961
635,0.469355,0,0,0.757993,7.42645
636,0.469355,0,0,0.757993,7.36667
637,0.469355,0,0,0.757993,6.95636
638,0.469355,0,0,0.757993,7.32623
639,0.469355,0,0,0.757993,7.10324
640,0.469355,0,0,0.757993,7.72907
641,0.469355,0,0,0.757993,7.08098
642,0.469355,0,0,0.757993,7.22543
643,0.469355,0,0,0.757993,6.95287
644,0.469355,0,0,0.757993,7.02067
645,0.469355,0,0,0.757993,7.21234
646,0.469355,0,0,0.757993,7.04486
647,0.469355,0,0,0.757993,7.28497
648,0.469355,0,0,0.757993,7.23245
649,0.469355,0,0,0.757993,7.37414
650,0.469355,0,0,0.757993,7.16789
651,0.469355,0,0,0.757993,7.58618
652,0.469355,0,0,0.757993,7.22971
653,0.469355,0,0,0.757993,7.30031
654,0.469355,0,0,0.757993,7.63286
655,0.469355,0,0,0.757993,7.12795
656,0.469355,0,0,0.757993,7.37116
657,0.469355,0,0,0.757993,7.25402
658,0.469355,0,0,0.757993,7.74241
659,0.469355,0,0,0.757993,7.51719
660,0.469355,0,0,0.757993,7.32083
661,0.469355,0,0,0.757993,7.18398
662,0.469355,0,0,0.757993,7.00112
663,0.469355,0,0,0.757993,7.35351
664,0.469355,0,0,0.757993,7.15336
665,0.469355,0,0,0.757993,7.39618
666,0.469355,0,0,0.757993,7.16084
667,0.469355,0,0,0.757993,7.26597
668,0.469355,0,0,0.757993,6.92564
669,0.469355,0,0,0.757993,7.1569
670,0.469355,0,0,0.757993,7.11281
671,0.469355,0,0,0.757993,7.03743
672,0.469355,0,0,0.757993,7.67949
673,0.469355,0,0,0.757993,7.18501
674,0.469355,0,0,0.757993,7.25877
675,0.469355,0,0,0.757993,7.15503
676,0.469355,0,0,0.757993,7.37076
677,0.469355,0,0,0.757993,6.98999
678,0.469355,0,0,0.757993,7.76779
679,0.469355,0,0,0.757993,7.38715
680,0.469355,0,0,0.757993,7.30063
681,0.469355,0,0,0.757993,7.25859
682,0.469355,0,0,0.757993,7.24219
683,0.469355,0,0,0.757993,7.29604
684,0.469355,0,0,0.757993,7.42993
685,0.469355,0,0,0.757993,7.23926
686,0.469355,0,0,0.757993,7.26251
687,0.469355,0,0,0.757993,7.26426
688,0.469355,0,0,0.757993,8.01518
689,0.469355,0,0,0.757993,7.1829
690,0.469355,0,0,0.757993,7.25085
691,0.469355,0,0,0.757993,7.13805
692,0.469355,0,0,0.757993,7.45356
693,0.469355,0,0,0.757993,7.00776
694,0.469355,0,0,0.757993,7.34353
695,0.469355,0,0,0.757993,7.0876
696,0.469355,0,0,0.757993,7.15272
697,0.469355,0,0,0.757993,7.43922
698,0.469355,0,0,0.757993,6.96158
699,0.469355,0,0,0.757993,7.42644
700,0.469355,0,0,0.757993,7.07042
701,0.469355,0,0,0.757993,7.12217
702,0.469355,0,0,0.757993,7.17187
703,0.469355,0,0,0.757993,7.26617
704,0.469355,0,0,0.757993,7.76983
705,0.469355,0,0,0.757993,7.01272
706,0.469355,0,0,0.757993,7.39306
707,0.469355,0,0,0.757993,6.99556
708,0.469355,0,0,0.757993,7.42311
709,0.469355,0,0,0.757993,6.99568
710,0.469355,0,0,0.757993,7.40813
711,0.469355,0,0,0.757993,6.98505
712,0.469355,0,0,0.757993,7.06286
713,0.469355,0,0,0.757993,7.46615
714,0.469355,0,0,0.757993,7.18595
715,0.469355,0,0,0.757993,7.3173
716,0.469355,0,0,0.757993,6.9339
717,0.757993,1,0,0.757993,6.96271
718,0.469355,0,0,0.757993,7.65874
719,0.469355,0,0,0.757993,7.05828
720,0.469355,0,0,0.757993,7.06201
721,0.469355,0,0,0.757993,7.37689
722,0.469355,0,0,0.757993,6.94612
723,0.469355,0,0,0.757993,7.19707
724,0.469355,0,0,0.757993,7.18969
725,0.469355,0,0,0.757993,7.31657
726,0.469355,0,0,0.757993,7.25005
727,0.469355,0,0,0.757993,7.34798
728,0.469355,0,0,0.757993,6.9848
729,0.469355,0,0,0.757993,7.05
730,0.469355,0,0,0.757993,7.71569
731,0.469355,0,0,0.757993,7.38643
732,0.757993,1,0,0.757993,7.26488
733,0.469355,0,0,0.757993,7.25978
734,0.469355,0,0,0.757993,7.71634
735,0.469355,0,0,0.757993,7.07717
736,0.469355,0,0,0.757993,7.28808
737,0.757993,1,0,0.757993,6.97424
738,0.469355,0,0,0.757993,7.18049
739,0.469355,0,0,0.757993,7.38915
740,0.469355,0,0,0.757993,7.05951
741,0.469355,0,0,0.757993,7.19175
742,0.469355,0,0,0.757993,7.00391
743,0.469355,0,0,0.757993,7.14789
744,0.469355,0,0,0.757993,7.03192
745,0.469355,0,0,0.757993,7.13203
746,0.469355,0,0,0.757993,7.74476
747,0.469355,0,0,0.757993,7.73016
748,0.469355,0,0,0.757993,7.77476
749,0.469355,0,0,0.757993,7.40411
750,0.469355,0,0,0.757993,7.43583
751,0.469355,0,0,0.757993,7.58407
752,0.469355,0,0,0.757993,7.38015
753,0.469355,0,0,0.757993,7.44095
754,0.469355,0,0,0.757993,7.48439
755,0.469355,0,0,0.757993,7.44819
756,0.469355,0,0,0.757993,7.365
757,0.757993,1,0,0.757993,7.68608
758,0.469355,0,0,0.757993,7.15142
759,0.469355,0,0,0.757993,7.39312
760,0.469355,0,0,0.757993,7.12944
761,0.469355,0,0,0.757993,7.10921
762,0.469355,0,0,0.757993,6.99807
763,0.469355,0,0,0.757993,7.00176
764,0.469355,0,0,0.757993,7.14205
765,0.469355,0,0,0.757993,9.47384
766,0.469355,0,0,0.757993,7.36514
767,0.469355,0,0,0.757993,7.17564
768,0.469355,0,0,0.757993,7.38586
769,0.469355,0,0,0.757993,7.4928
770,0.469355,0,0,0.757993,7.38167
771,0.469355,0,0,0.757993,7.2726
772,0.469355,0,0,0.757993,7.38625
773,0.469355,0,0,0.757993,7.10539
774,0.469355,0,0,0.757993,7.31257
775,0.469355,0,0,0.757993,6.95574
776,0.469355,0,0,0.757993,7.87033
777,0.469355,0,0,0.757993,7.19906
778,0.469355,0,0,0.757993,7.07323
779,0.469355,0,0,0.757993,7.24255
780,0.469355,0,0,0.757993,7.18669
781,0.469355,0,0,0.757993,7.65551
782,0.757993,1,0,0.757993,7.04071
783,0.469355,0,0,0.757993,7.35641
784,0.469355,0,0,0.757993,7.02797
785,0.469355,0,0,0.757993,7.07644
786,0.469355,0,0,0.757993,7.53945
787,0.469355,0,0,0.757993,7.19441
788,0.469355,0,0,0.757993,7.54975
789,0.469355,0,0,0.757993,7.23344
790,0.469355,0,0,0.757993,7.22095
791,0.469355,0,0,0.757993,7.32555
792,0.469355,0,0,0.757993,7.3574
793,0.469355,0,0,0.757993,7.30731
794,0.469355,0,0,0.757993,6.97268
795,0.469355,0,0,0.757993,7.29476
796,0.469355,0,0,0.757993,7.03366
797,0.469355,0,0,0.757993,7.82349
798,0.469355,0,0,0.757993,7.2251
799,0.469355,0,0,0.757993,7.45835
800,0.469355,0,0,0.757993,7.04087
801,0.469355,0,0,0.757993,7.28386
802,0.469355,0,0,0.757993,7.21435
803,0.469355,0,0,0.757993,7.0553
804,0.469355,0,0,0.757993,7.35962
805,0.469355,0,0,0.757993,7.17432
806,0.469355,0,0,0.757993,7.29008
807,0.469355,0,0,0.757993,7.36624
808,0.469355,0,0,0.757993,7.73317
809,0.469355,0,0,0.757993,7.15924
810,0.469355,0,0,0.757993,7.53358
811,0.469355,0,0,0.757993,7.14253
812,0.469355,0,0,0.757993,7.15616
813,0.469355,0,0,0.757993,7.55549
814,0.469355,0,0,0.757993,7.22721
815,0.469355,0,0,0.757993,7.22616
816,0.469355,0,0,0.757993,7.09392
817,0.469355,0,0,0.757993,7.37567
818,0.469355,0,0,0.757993,7.15379
819,0.469355,0,0,0.757993,7.0933
820,0.469355,0,0,0.757993,7.51626
821,0.469355,0,0,0.757993,7.05189
822,0.469355,0,0,0.757993,7.33614
823,0.469355,0,0,0.757993,7.21513
824,0.469355,0,0,0.757993,7.20002
825,0.469355,0,0,0.757993,7.24566
826,0.757993,1,0,0.757993,7.42801
827,0.469355,0,0,0.757993,7.08206
828,0.469355,0,0,0.757993,7.29403
829,0.469355,0,0,0.757993,10.7235
830,0.469355,0,0,0.757993,7.43237
831,0.469355,0,0,0.757993,7.20887
832,0.469355,0,0,0.757993,7.25236
833,0.469355,0,0,0.757993,7.34057
834,0.469355,0,0,0.757993,7.67645
835,0.469355,0,0,0.757993,7.21269
836,0.469355,0,0,0.757993,7.14717
837,0.469355,0,0,0.757993,7.20009
838,0.469355,0,0,0.757993,7.25804
839,0.757993,1,0,0.757993,7.34029
840,0.469355,0,0,0.757993,7.01556
841,0.469355,0,0,0.757993,7.12749
842,0.469355,0,0,0.757993,7.54325
843,0.469355,0,0,0.757993,7.11718
844,0.469355,0,0,0.757993,8.33519
845,0.469355,0,0,0.757993,7.15176
846,0.469355,0,0,0.757993,7.17574
847,0.469355,0,0,0.757993,6.92336
848,0.469355,0,0,0.757993,7.15627
849,0.469355,0,0,0.757993,7.13401
850,0.469355,0,0,0.757993,7.11515
851,0.469355,0,0,0.757993,7.13851
852,0.469355,0,0,0.757993,7.28211
853,0.469355,0,0,0.757993,7.57749
854,0.469355,0,0,0.757993,7.18394
855,0.469355,0,0,0.757993,7.0862
856,0.469355,0,0,0.757993,7.00745
857,0.469355,0,0,0.757993,7.1381
858,0.469355,0,0,0.757993,7.14767
859,0.469355,0,0,0.757993,7.06074
860,0.469355,0,0,0.757993,7.32708
861,0.469355,0,0,0.757993,7.16593
862,0.469355,0,0,0.757993,7.1641
863,0.469355,0,0,0.757993,7.26406
864,0.469355,0,0,0.757993,7.4321
865,0.469355,0,0,0.757993,7.02377
866,0.469355,0,0,0.757993,7.13598
867,0.469355,0,0,0.757993,7.27648
868,0.469355,0,0,0.757993,7.11209
869,0.469355,0,0,0.757993,7.15371
870,0.469355,0,0,0.757993,6.96675
871,0.469355,0,0,0.757993,7.17012
872,0.469355,0,0,0.757993,7.26933
873,0.469355,0,0,0.757993,6.92251
874,0.469355,0,0,0.757993,7.16439
875,0.469355,0,0,0.757993,7.0894
876,0.469355,0,0,0.757993,7.79834
877,0.469355,0,0,0.757993,7.04042
878,0.469355,0,0,0.757993,7.30015
879,0.469355,0,0,0.757993,7.11444
880,0.469355,0,0,0.757993,7.01808
881,0.469355,0,0,0.757993,7.42539
882,0.469355,0,0,0.757993,6.99333
883,0.469355,0,0,0.757993,7.38425
884,0.469355,0,0,0.757993,7.14546
885,0.469355,0,0,0.757993,7.539
886,0.469355,0,0,0.757993,7.02644
887,0.469355,0,0,0.757993,7.26477
888,0.469355,0,0,0.757993,7.00368
889,0.469355,0,0,0.757993,7.0156
890,0.469355,0,0,0.757993,7.39807
891,0.469355,0,0,0.757993,7.02673
892,0.469355,0,0,0.757993,7.82451
893,0.469355,0,0,0.757993,7.11022
894,0.469355,0,0,0.757993,7.49538
895,0.469355,0,0,0.757993,7.14126
896,0.469355,0,0,0.757993,7.01604
897,0.469355,0,0,0.757993,7.7101
898,0.469355,0,0,0.757993,7.21439
899,0.469355,0,0,0.757993,7.42962
900,0.469355,0,0,0.757993,7.1998
901,0.469355,0,0,0.757993,7.29985
902,0.469355,0,0,0.757993,6.98146
903,0.469355,0,0,0.757993,7.14085
904,0.469355,0,0,0.757993,8.07313
905,0.469355,0,0,0.757993,7.56675
906,0.469355,0,0,0.757993,7.18795
907,0.469355,0,0,0.757993,7.06532
908,0.469355,0,0,0.757993,7.54329
909,0.469355,0,0,0.757993,7.2997
910,0.469355,0,0,0.757993,7.40624
911,0.469355,0,0,0.757993,7.01897
912,0.469355,0,0,0.757993,7.41958
913,0.757993,1,0,0.757993,7.13142
914,0.469355,0,0,0.757993,6.99783
915,0.469355,0,0,0.757993,7.13464
916,0.469355,0,0,0.757993,7.00445
917,0.469355,0,0,0.757993,7.51048
918,0.469355,0,0,0.757993,7.21062
919,0.469355,0,0,0.757993,7.64233
920,0.469355,0,0,0.757993,7.13609
921,0.469355,0,0,0.757993,7.07962
922,0.469355,0,0,0.757993,7.38289
923,0.469355,0,0,0.757993,7.01789
924,0.469355,0,0,0.757993,7.64389
925,0.469355,0,0,0.757993,7.12709
926,0.469355,0,0,0.757993,7.29193
927,0.469355,0,0,0.757993,7.16984
928,0.469355,0,0,0.757993,7.1582
929,0.469355,0,0,0.757993,7.00006
930,0.469355,0,0,0.757993,7.01629
931,0.469355,0,0,0.757993,7.39306
932,0.469355,0,0,0.757993,7.10961
933,0.757993,1,0,0.757993,7.31541
934,0.469355,0,0,0.757993,7.21509
935,0.469355,0,0,0.757993,7.0528
936,0.469355,0,0,0.757993,7.09174
937,0.469355,0,0,0.757993,7.09717
938,0.469355,0,0,0.757993,7.12275
939,0.469355,0,0,0.757993,7.16074
940,0.469355,0,0,0.757993,7.85395
941,0.469355,0,0,0.757993,6.94645
942,0.469355,0,0,0.757993,7.24741
943,0.469355,0,0,0.757993,7.04712
944,0.469355,0,0,0.757993,7.13383
945,0.469355,0,0,0.757993,7.00689
946,0.469355,0,0,0.757993,7.22452
947,0.469355,0,0,0.757993,7.17338
948,0.469355,0,0,0.757993,7.08559
949,0.469355,0,0,0.757993,7.16431
950,0.469355,0,0,0.757993,7.16582
951,0.469355,0,0,0.757993,7.42412
952,0.469355,0,0,0.757993,7.22594
953,0.469355,0,0,0.757993,6.98792
954,0.469355,0,0,0.757993,7.18718
955,0.469355,0,0,0.757993,6.98746
956,0.469355,0,0,0.757993,7.42506
957,0.469355,0,0,0.757993,7.26995
958,0.469355,0,0,0.757993,7.35657
959,0.469355,0,0,0.757993,6.99315
960,0.469355,0,0,0.757993,7.00101
961,0.469355,0,0,0.757993,7.27997
962,0.469355,0,0,0.757993,7.10963
963,0.469355,0,0,0.757993,7.43548
964,0.469355,0,0,0.757993,7.3605
965,0.469355,0,0,0.757993,7.1808
966,0.469355,0,0,0.757993,6.97949
967,0.469355,0,0,0.757993,7.70429
968,0.469355,0,0,0.757993,7.25105
969,0.469355,0,0,0.757993,6.95584
970,0.469355,0,0,0.757993,7.4142
971,0.469355,0,0,0.757993,7.18441
972,0.469355,0,0,0.757993,9.82098
973,0.469355,0,0,0.757993,7.63503
974,0.469355,0,0,0.757993,7.25757
975,0.469355,0,0,0.757993,6.97242
976,0.469355,0,0,0.757993,7.56863
977,0.469355,0,0,0.757993,8.02764
978,0.469355,0,0,0.757993,8.0814
979,0.469355,0,0,0.757993,7.60113
980,0.469355,0,0,0.757993,7.06272
981,0.469355,0,0,0.757993,7.23543
982,0.469355,0,0,0.757993,7.08488
983,0.469355,0,0,0.757993,7.26507
984,0.469355,0,0,0.757993,7.21714
985,0.469355,0,0,0.757993,7.22244
986,0.469355,0,0,0.757993,7.08943
987,0.469355,0,0,0.757993,7.83641
988,0.469355,0,0,0.757993,7.091
989,0.469355,0,0,0.757993,7.04974
990,0.469355,0,0,0.757993,7.39811
991,0.469355,0,0,0.757993,6.9586
992,0.469355,0,0,0.757993,7.19511
993,0.469355,0,0,0.757993,7.12067
994,0.757993,1,0,0.757993,7.26022
995,0.469355,0,0,0.757993,6.99296
996,0.469355,0,0,0.757993,7.34443
997,0.469355,0,0,0.757993,7.88509
998,0.469355,0,0,0.757993,7.11549
999,0.469355,0,0,0.757993,7.57076
1000,0.469355,0,0,0.757993,7.0924
1001,0.469355,0,0,0.757993,7.32155
1002,0.469355,0,0,0.757993,7.15052
1003,0.469355,0,0,0.757993,7.72333
1004,0.469355,0,0,0.757993,7.32638
1005,0.469355,0,0,0.757993,7.56584
1006,0.469355,0,0,0.757993,7.27934
1007,0.469355,0,0,0.757993,7.12525
1008,0.469355,0,0,0.757993,7.20466
1009,0.469355,0,0,0.757993,7.16817
1010,0.469355,0,0,0.757993,7.57857
1011,0.469355,0,0,0.757993,7.16844
1012,0.469355,0,0,0.757993,7.24617
1013,0.469355,0,0,0.757993,6.9426
1014,0.469355,0,0,0.757993,7.25375
1015,0.757993,1,0,0.757993,7.16042
1016,0.757993,1,0,0.757993,7.04263
1017,0.469355,0,0,0.757993,7.25922
1018,0.469355,0,0,0.757993,7.21824
1019,0.469355,0,0,0.757993,7.79692
1020,0.469355,0,0,0.757993,7.16618
1021,0.469355,0,0,0.757993,7.33543
1022,0.469355,0,0,0.757993,7.04036
1023,0.469355,0,0,0.757993,7.09964
1024,0.469355,0,0,0.757993,7.73551
1025,0.469355,0,0,0.757993,7.2051
1026,0.469355,0,0,0.757993,7.25314
1027,0.469355,0,0,0.757993,7.1995
1028,0.469355,0,0,0.757993,7.40291
1029,0.469355,0,0,0.757993,7.22554
1030,0.469355,0,0,0.757993,7.30289
1031,0.469355,0,0,0.757993,7.0441
1032,0.469355,0,0,0.757993,7.05946
1033,0.469355,0,0,0.757993,7.36798
1034,0.469355,0,0,0.757993,6.99459
1035,0.469355,0,0,0.757993,7.57109
1036,0.469355,0,0,0.757993,7.17085
1037,0.469355,0,0,0.757993,7.24187
1038,0.469355,0,0,0.757993,7.28392
1039,0.469355,0,0,0.757993,7.61451
1040,0.469355,0,0,0.757993,7.1756
1041,0.757993,1,0,0.757993,7.20317
1042,0.469355,0,0,0.757993,7.20627
1043,0.469355,0,0,0.757993,7.04101
1044,0.469355,0,0,0.757993,7.18935
1045,0.469355,0,0,0.757993,7.05351
1046,0.469355,0,0,0.757993,7.25315
1047,0.469355,0,0,0.757993,7.06494
1048,0.469355,0,0,0.757993,7.23005
1049,0.469355,0,0,0.757993,7.46757
1050,0.469355,0,0,0.757993,7.04919
1051,0.469355,0,0,0.757993,7.75253
1052,0.469355,0,0,0.757993,7.21643
1053,0.469355,0,0,0.757993,7.34845
1054,0.469355,0,0,0.757993,7.30363
1055,0.469355,0,0,0.757993,7.08838
1056,0.469355,0,0,0.757993,7.14599
1057,0.469355,0,0,0.757993,7.02261
1058,0.469355,0,0,0.757993,7.42401
1059,0.469355,0,0,0.757993,7.08765
1060,0.469355,0,0,0.757993,7.18599
1061,0.469355,0,0,0.757993,7.1952
1062,0.469355,0,0,0.757993,7.47611
1063,0.469355,0,0,0.757993,7.15558
1064,0.469355,0,0,0.757993,7.13026
1065,0.469355,0,0,0.757993,7.26425
1066,0.469355,0,0,0.757993,7.11733
1067,0.469355,0,0,0.757993,7.55271
1068,0.469355,0,0,0.757993,7.18915
1069,0.469355,0,0,0.757993,7.52352
1070,0.469355,0,0,0.757993,6.95785
1071,0.469355,0,0,0.757993,7.6392
1072,0.469355,0,0,0.757993,7.14355
1073,0.469355,0,0,0.757993,7.13118
1074,0.469355,0,0,0.757993,7.5482
1075,0.469355,0,0,0.757993,7.1534
1076,0.469355,0,0,0.757993,7.45284
1077,0.469355,0,0,0.757993,7.14979
1078,0.469355,0,0,0.757993,7.55759
1079,0.469355,0,0,0.757993,6.98904
1080,0.469355,0,0,0.757993,7.43332
1081,0.469355,0,0,0.757993,7.06849
1082,0.469355,0,0,0.757993,6.94256
1083,0.469355,0,0,0.757993,7.48818
1084,0.469355,0,0,0.757993,7.08979
1085,0.469355,0,0,0.757993,7.34375
1086,0.469355,0,0,0.757993,7.12928
1087,0.469355,0,0,0.757993,7.63225
1088,0.469355,0,0,0.757993,7.0116
1089,0.469355,0,0,0.757993,7.02985
1090,0.469355,0,0,0.757993,7.52415
1091,0.469355,0,0,0.757993,6.97212
1092,0.469355,0,0,0.757993,7.51781
1093,0.469355,0,0,0.757993,7.2022
1094,0.469355,0,0,0.757993,7.33286
1095,0.469355,0,0,0.757993,7.18304
1096,0.469355,0,0,0.757993,7.37717
1097,0.469355,0,0,0.757993,7.18419
1098,0.469355,0,0,0.757993,7.16127
1099,0.469355,0,0,0.757993,8.57874
1100,0.469355,0,0,0.757993,7.3906
1101,0.469355,0,0,0.757993,7.31938
1102,0.469355,0,0,0.757993,7.11465
1103,0.469355,0,0,0.757993,7.28934
1104,0.469355,0,0,0.757993,7.30809
1105,0.469355,0,0,0.757993,7.37399
1106,0.469355,0,0,0.757993,7.29469
1107,0.469355,0,0,0.757993,7.01779
1108,0.469355,0,0,0.757993,7.14473
1109,0.469355,0,0,0.757993,7.11065
1110,0.469355,0,0,0.757993,7.39336
1111,0.469355,0,0,0.757993,7.04907
1112,0.469355,0,0,0.757993,7.28181
1113,0.469355,0,0,0.757993,7.32101
1114,0.469355,0,0,0.757993,8.36017
1115,0.469355,0,0,0.757993,8.68201
1116,0.469355,0,0,0.757993,7.65321
1117,0.469355,0,0,0.757993,7.21217
1118,0.469355,0,0,0.757993,7.30355
1119,0.469355,0,0,0.757993,7.12767
1120,0.469355,0,0,0.757993,7.162
1121,0.469355,0,0,0.757993,7.2242
1122,0.469355,0,0,0.757993,7.05156
1123,0.469355,0,0,0.757993,7.28006
1124,0.469355,0,0,0.757993,7.07693
1125,0.469355,0,0,0.757993,7.34603
1126,0.469355,0,0,0.757993,7.19569
1127,0.469355,0,0,0.757993,7.37906
1128,0.469355,0,0,0.757993,7.35322
1129,0.469355,0,0,0.757993,7.12313
1130,0.469355,0,0,0.757993,7.34283
1131,0.469355,0,0,0.757993,7.35325
1132,0.469355,0,0,0.757993,7.34969
1133,0.469355,0,0,0.757993,7.02021
1134,0.469355,0,0,0.757993,7.22316
1135,0.469355,0,0,0.757993,7.10053
1136,0.469355,0,0,0.757993,7.11402
1137,0.757993,1,0,0.757993,7.30946
1138,0.469355,0,0,0.757993,7.13415
1139,0.469355,0,0,0.757993,7.86577
1140,0.469355,0,0,0.757993,7.14785
1141,0.469355,0,0,0.757993,7.85847
1142,0.469355,0,0,0.757993,7.23238
1143,0.469355,0,0,0.757993,7.04046
1144,0.469355,0,0,0.757993,6.86561
1145,0.469355,0,0,0.757993,7.11484
1146,0.469355,0,0,0.757993,7.38374
1147,0.469355,0,0,0.757993,6.99829
1148,0.469355,0,0,0.757993,7.07086
1149,0.469355,0,0,0.757993,7.09518
1150,0.469355,0,0,0.757993,7.11792
1151,0.469355,0,0,0.757993,7.03504
1152,0.469355,0,0,0.757993,7.13368
1153,0.469355,0,0,0.757993,7.22984
1154,0.469355,0,0,0.757993,7.00292
1155,0.469355,0,0,0.757993,7.33661
1156,0.469355,0,0,0.757993,7.21311
1157,0.469355,0,0,0.757993,7.32781
1158,0.469355,0,0,0.757993,6.92913
1159,0.469355,0,0,0.757993,7.24863
1160,0.469355,0,0,0.757993,7.27115
1161,0.469355,0,0,0.757993,7.31164
1162,0.469355,0,0,0.757993,7.62445
1163,0.469355,0,0,0.757993,7.16242
1164,0.469355,0,0,0.757993,7.24556
1165,0.469355,0,0,0.757993,6.90313
1166,0.469355,0,0,0.757993,7.34038
1167,0.469355,0,0,0.757993,7.02729
1168,0.469355,0,0,0.757993,7.02356
1169,0.469355,0,0,0.757993,7.3111
1170,0.469355,0,0,0.757993,7.17248
1171,0.469355,0,0,0.757993,7.26134
1172,0.469355,0,0,0.757993,7.04557
1173,0.469355,0,0,0.757993,7.33312
1174,0.469355,0,0,0.757993,6.95061
1175,0.469355,0,0,0.757993,7.1889
1176,0.469355,0,0,0.757993,7.18739
1177,0.469355,0,0,0.757993,7.0574
1178,0.469355,0,0,0.757993,7.51675
1179,0.469355,0,0,0.757993,7.29912
1180,0.469355,0,0,0.757993,7.36193
1181,0.469355,0,0,0.757993,7.1116
1182,0.469355,0,0,0.757993,7.17273
1183,0.469355,0,0,0.757993,7.13843
1184,0.469355,0,0,0.757993,7.08254
1185,0.469355,0,0,0.757993,7.17796
1186,0.469355,0,0,0.757993,7.29012
1187,0.469355,0,0,0.757993,7.30616
1188,0.469355,0,0,0.757993,6.98139
1189,0.469355,0,0,0.757993,7.35519
1190,0.469355,0,0,0.757993,7.21855
1191,0.469355,0,0,0.757993,7.00122
1192,0.469355,0,0,0.757993,7.11339
1193,0.469355,0,0,0.757993,7.00766
1194,0.469355,0,0,0.757993,8.12125
1195,0.469355,0,0,0.757993,7.16957
1196,0.469355,0,0,0.757993,7.39505
1197,0.469355,0,0,0.757993,7.00399
1198,0.469355,0,0,0.757993,7.24117
1199,0.469355,0,0,0.757993,6.8736
1200,0.469355,0,0,0.757993,7.00884
1201,0.469355,0,0,0.757993,7.8678
1202,0.469355,0,0,0.757993,7.13514
1203,0.469355,0,0,0.757993,7.21171
1204,0.469355,0,0,0.757993,7.05061
1205,0.469355,0,0,0.757993,7.73843
1206,0.469355,0,0,0.757993,7.09152
1207,0.469355,0,0,0.757993,7.75013
1208,0.469355,0,0,0.757993,7.11901
1209,0.469355,0,0,0.757993,7.35135
1210,0.469355,0,0,0.757993,7.46939
1211,0.469355,0,0,0.757993,7.21304
1212,0.469355,0,0,0.757993,7.17501
1213,0.469355,0,0,0.757993,7.07148
1214,0.469355,0,0,0.757993,7.36825
1215,0.469355,0,0,0.757993,7.24194
1216,0.469355,0,0,0.757993,7.18604
1217,0.469355,0,0,0.757993,7.53881
1218,0.469355,0,0,0.757993,7.43341
1219,0.469355,0,0,0.757993,7.13996
1220,0.469355,0,0,0.757993,7.17294
1221,0.469355,0,0,0.757993,7.39437
1222,0.469355,0,0,0.757993,6.90687
1223,0.469355,0,0,0.757993,7.67775
1224,0.757993,1,0,0.757993,7.16765
1225,0.469355,0,0,0.757993,7.38745
1226,0.469355,0,0,0.757993,7.01108
1227,0.469355,0,0,0.757993,7.2027
1228,0.469355,0,0,0.757993,7.27089
1229,0.469355,0,0,0.757993,7.14564
1230,0.469355,0,0,0.757993,7.57528
1231,0.469355,0,0,0.757993,6.99735
1232,0.469355,0,0,0.757993,7.32226
1233,0.469355,0,0,0.757993,7.06204
1234,0.469355,0,0,0.757993,7.42239
1235,0.469355,0,0,0.757993,7.20138
1236,0.469355,0,0,0.757993,7.1959
1237,0.469355,0,0,0.757993,7.25597
1238,0.469355,0,0,0.757993,6.95314
1239,0.469355,0,0,0.757993,7.43841
1240,0.469355,0,0,0.757993,6.98573
1241,0.469355,0,0,0.757993,7.63467
1242,0.469355,0,0,0.757993,7.14668
1243,0.469355,0,0,0.757993,7.01602
1244,0.469355,0,0,0.757993,7.19338
1245,0.469355,0,0,0.757993,7.42188
1246,0.469355,0,0,0.757993,7.64688
1247,0.469355,0,0,0.757993,7.15711
1248,0.469355,0,0,0.757993,7.08338
1249,0.469355,0,0,0.757993,7.03345
1250,0.469355,0,0,0.757993,7.20395
1251,0.469355,0,0,0.757993,7.34425
1252,0.469355,0,0,0.757993,7.68876
1253,0.469355,0,0,0.757993,7.34452
1254,0.469355,0,0,0.757993,7.05843
1255,0.469355,0,0,0.757993,7.28523
1256,0.469355,0,0,0.757993,6.88158
1257,0.469355,0,0,0.757993,8.58351
1258,0.469355,0,0,0.757993,7.50862
1259,0.469355,0,0,0.757993,7.16304
1260,0.469355,0,0,0.757993,7.01228
1261,0.469355,0,0,0.757993,7.36919
1262,0.469355,0,0,0.757993,7.54874
1263,0.469355,0,0,0.757993,6.90345
1264,0.469355,0,0,0.757993,7.19669
1265,0.469355,0,0,0.757993,6.93168
1266,0.469355,0,0,0.757993,7.14602
1267,0.469355,0,0,0.757993,7.15905
1268,0.469355,0,0,0.757993,6.90063
1269,0.469355,0,0,0.757993,7.21984
1270,0.469355,0,0,0.757993,6.97381
1271,0.469355,0,0,0.757993,7.29961
1272,0.469355,0,0,0.757993,7.28663
1273,0.469355,0,0,0.757993,8.27745
1274,0.469355,0,0,0.757993,7.24364
1275,0.469355,0,0,0.757993,7.64872
1276,0.469355,0,0,0.757993,7.20508
1277,0.469355,0,0,0.757993,7.28189
1278,0.469355,0,0,0.757993,7.03726
1279,0.469355,0,0,0.757993,7.09518
1280,0.469355,0,0,0.757993,7.16585
1281,0.469355,0,0,0.757993,7.10014
1282,0.469355,0,0,0.757993,7.36746
1283,0.469355,0,0,0.757993,7.08668
1284,0.469355,0,0,0.757993,7.4225
1285,0.469355,0,0,0.757993,7.12715
1286,0.469355,0,0,0.757993,6.90239
1287,0.469355,0,0,0.757993,7.35599
1288,0.469355,0,0,0.757993,7.08209
1289,0.469355,0,0,0.757993,7.51777
1290,0.469355,0,0,0.757993,7.215
1291,0.469355,0,0,0.757993,7.06082
1292,0.469355,0,0,0.757993,7.10295
1293,0.469355,0,0,0.757993,7.36496
1294,0.469355,0,0,0.757993,6.87783
1295,0.469355,0,0,0.757993,7.79303
1296,0.469355,0,0,0.757993,7.47703
1297,0.469355,0,0,0.757993,7.04365
1298,0.469355,0,0,0.757993,7.12696
1299,0.469355,0,0,0.757993,7.10625
1300,0.469355,0,0,0.757993,7.18893
1301,0.757993,1,0,0.757993,7.24833
1302,0.469355,0,0,0.757993,7.17968
1303,0.469355,0,0,0.757993,7.21936
1304,0.469355,0,0,0.757993,7.05605
1305,0.469355,0,0,0.757993,7.76259
1306,0.469355,0,0,0.757993,7.0971
1307,0.469355,0,0,0.757993,7.54265
1308,0.469355,0,0,0.757993,7.09031
1309,0.469355,0,0,0.757993,7.21145
1310,0.469355,0,0,0.757993,7.12094
1311,0.469355,0,0,0.757993,7.11463
1312,0.469355,0,0,0.757993,7.06376
1313,0.469355,0,0,0.757993,6.956
1314,0.469355,0,0,0.757993,7.434
1315,0.469355,0,0,0.757993,7.08031
1316,0.469355,0,0,0.757993,7.39755
1317,0.469355,0,0,0.757993,7.01494
1318,0.469355,0,0,0.757993,7.63735
1319,0.469355,0,0,0.757993,7.03345
1320,0.757993,1,0,0.757993,7.69087
1321,0.469355,0,0,0.757993,7.26808
1322,0.469355,0,0,0.757993,7.10234
1323,0.469355,0,0,0.757993,7.45065
1324,0.469355,0,0,0.757993,7.01223
1325,0.469355,0,0,0.757993,7.4029
1326,0.469355,0,0,0.757993,7.42525
1327,0.469355,0,0,0.757993,7.34712
1328,0.469355,0,0,0.757993,6.99675
1329,0.469355,0,0,0.757993,7.34936
1330,0.469355,0,0,0.757993,7.0104
1331,0.469355,0,0,0.757993,7.04254
1332,0.469355,0,0,0.757993,7.33205
1333,0.469355,0,0,0.757993,7.29356
1334,0.469355,0,0,0.757993,7.16381
1335,0.469355,0,0,0.757993,7.19669
1336,0.469355,0,0,0.757993,7.81061
1337,0.469355,0,0,0.757993,7.01268
1338,0.469355,0,0,0.757993,7.14117
1339,0.469355,0,0,0.757993,7.10068
1340,0.469355,0,0,0.757993,7.04582
1341,0.757993,1,0,0.757993,7.16802
1342,0.469355,0,0,0.757993,6.96327
1343,0.469355,0,0,0.757993,7.21049
1344,0.757993,1,0,0.757993,7.16488
1345,0.469355,0,0,0.757993,7.02577
1346,0.469355,0,0,0.757993,7.21814
1347,0.469355,0,0,0.757993,7.13992
1348,0.469355,0,0,0.757993,8.00033
1349,0.469355,0,0,0.757993,7.63651
1350,0.469355,0,0,0.757993,7.93901
1351,0.757993,1,0,0.757993,7.23811
1352,0.469355,0,0,0.757993,7.61413
1353,0.469355,0,0,0.757993,7.17141
1354,0.469355,0,0,0.757993,7.27112
1355,0.469355,0,0,0.757993,7.38381
1356,0.469355,0,0,0.757993,7.32366
1357,0.469355,0,0,0.757993,7.20856
1358,0.469355,0,0,0.757993,7.04882
1359,0.469355,0,0,0.757993,7.3553
1360,0.469355,0,0,0.757993,7.16132
1361,0.469355,0,0,0.757993,7.62501
1362,0.757993,1,0,0.757993,7.11976
1363,0.469355,0,0,0.757993,7.22149
1364,0.469355,0,0,0.757993,7.25113
1365,0.469355,0,0,0.757993,7.13246
1366,0.469355,0,0,0.757993,7.63929
1367,0.469355,0,0,0.757993,6.95394
1368,0.469355,0,0,0.757993,8.02255
1369,0.469355,0,0,0.757993,7.1637
1370,0.469355,0,0,0.757993,7.29816
1371,0.469355,0,0,0.757993,7.04647
1372,0.469355,0,0,0.757993,7.15401
1373,0.469355,0,0,0.757993,6.92427
1374,0.469355,0,0,0.757993,6.98903
1375,0.469355,0,0,0.757993,7.40811
1376,0.469355,0,0,0.757993,7.25284
1377,0.469355,0,0,0.757993,7.20553
1378,0.469355,0,0,0.757993,7.06484
1379,0.469355,0,0,0.757993,7.37812
1380,0.757993,1,0,0.757993,7.07364
1381,0.469355,0,0,0.757993,6.99188
1382,0.469355,0,0,0.757993,7.12057
1383,0.469355,0,0,0.757993,7.2077
1384,0.469355,0,0,0.757993,7.54502
1385,0.469355,0,0,0.757993,7.12894
1386,0.469355,0,0,0.757993,7.29635
1387,0.469355,0,0,0.757993,7.05922
1388,0.469355,0,0,0.757993,7.60474
1389,0.469355,0,0,0.757993,7.35836
1390,0.469355,0,0,0.757993,7.26027
1391,0.469355,0,0,0.757993,7.2604
1392,0.469355,0,0,0.757993,7.12464
1393,0.469355,0,0,0.757993,7.25609
1394,0.469355,0,0,0.757993,6.95572
1395,0.469355,0,0,0.757993,7.78194
1396,0.469355,0,0,0.757993,7.01023
1397,0.469355,0,0,0.757993,7.00183
1398,0.469355,0,0,0.757993,7.27228
1399,0.469355,0,0,0.757993,6.90522
1400,0.469355,0,0,0.757993,7.32653
1401,0.469355,0,0,0.757993,7.45579
1402,0.469355,0,0,0.757993,7.27178
1403,0.469355,0,0,0.757993,6.90745
1404,0.469355,0,0,0.757993,7.21986
1405,0.469355,0,0,0.757993,7.19343
1406,0.757993,1,0,0.757993,7.03429
1407,0.469355,0,0,0.757993,7.532
1408,0.469355,0,0,0.757993,7.28845
1409,0.469355,0,0,0.757993,7.1461
1410,0.469355,0,0,0.757993,7.04215
1411,0.469355,0,0,0.757993,7.25935
1412,0.757993,1,0,0.757993,6.98809
1413,0.469355,0,0,0.757993,7.06282
1414,0.469355,0,0,0.757993,7.58116
1415,0.469355,0,0,0.757993,7.11537
1416,0.757993,1,0,0.757993,8.86863
1417,0.469355,0,0,0.757993,7.2319
1418,0.469355,0,0,0.757993,7.19195
1419,0.469355,0,0,0.757993,7.16699
1420,0.469355,0,0,0.757993,7.34694
1421,0.469355,0,0,0.757993,7.06398
1422,0.469355,0,0,0.757993,7.15544
1423,0.469355,0,0,0.757993,7.05997
1424,0.469355,0,0,0.757993,7.0125
1425,0.469355,0,0,0.757993,7.52252
1426,0.469355,0,0,0.757993,7.24701
1427,0.469355,0,0,0.757993,7.7221
1428,0.469355,0,0,0.757993,7.51173
1429,0.469355,0,0,0.757993,7.61791
1430,0.469355,0,0,0.757993,7.08504
1431,0.469355,0,0,0.757993,7.42264
1432,0.469355,0,0,0.757993,6.97101
1433,0.469355,0,0,0.757993,7.04146
1434,0.469355,0,0,0.757993,7.41574
1435,0.469355,0,0,0.757993,7.45633
1436,0.469355,0,0,0.757993,7.83192
1437,0.469355,0,0,0.757993,7.11112
1438,0.469355,0,0,0.757993,7.01515
1439,0.469355,0,0,0.757993,7.10768
1440,0.469355,0,0,0.757993,7.14046
1441,0.469355,0,0,0.757993,7.24867
1442,0.469355,0,0,0.757993,7.0731
1443,0.757993,1,0,0.757993,7.33898
1444,0.469355,0,0,0.757993,7.08178
1445,0.469355,0,0,0.757993,7.18976
1446,0.469355,0,0,0.757993,7.04683
1447,0.469355,0,0,0.757993,7.21715
1448,0.469355,0,0,0.757993,7.63552
1449,0.469355,0,0,0.757993,7.5229
1450,0.757993,1,0,0.757993,7.23436
1451,0.469355,0,0,0.757993,7.10698
1452,0.469355,0,0,0.757993,7.48089
1453,0.469355,0,0,0.757993,7.32259
1454,0.469355,0,0,0.757993,7.28533
1455,0.469355,0,0,0.757993,7.12498
1456,0.469355,0,0,0.757993,7.14914
1457,0.469355,0,0,0.757993,7.06366
1458,0.469355,0,0,0.757993,7.11973
1459,0.469355,0,0,0.757993,7.20253
1460,0.469355,0,0,0.757993,7.09446
1461,0.469355,0,0,0.757993,7.58598
1462,0.469355,0,0,0.757993,7.27558
1463,0.469355,0,0,0.757993,7.75657
1464,0.469355,0,0,0.757993,7.30279
1465,0.469355,0,0,0.757993,7.0671
1466,0.469355,0,0,0.757993,7.55843
1467,0.469355,0,0,0.757993,7.12105
1468,0.469355,0,0,0.757993,7.55347
1469,0.469355,0,0,0.757993,6.93113
1470,0.469355,0,0,0.757993,7.38546
1471,0.469355,0,0,0.757993,6.97366
1472,0.469355,0,0,0.757993,7.30167
1473,0.469355,0,0,0.757993,7.04875
1474,0.469355,0,0,0.757993,7.0724
1475,0.469355,0,0,0.757993,7.28904
1476,0.469355,0,0,0.757993,7.03159
1477,0.469355,0,0,0.757993,7.2888
1478,0.469355,0,0,0.757993,7.20919
1479,0.469355,0,0,0.757993,7.86927
1480,0.469355,0,0,0.757993,7.03223
1481,0.469355,0,0,0.757993,7.87133
1482,0.469355,0,0,0.757993,7.18859
1483,0.469355,0,0,0.757993,7.28735
1484,0.469355,0,0,0.757993,7.00424
1485,0.469355,0,0,0.757993,7.02994
1486,0.469355,0,0,0.757993,7.28865
1487,0.469355,0,0,0.757993,7.05912
1488,0.757993,1,0,0.757993,7.19488
1489,0.469355,0,0,0.757993,7.15459
1490,0.469355,0,0,0.757993,7.42519
1491,0.469355,0,0,0.757993,6.92684
1492,0.469355,0,0,0.757993,7.11638
1493,0.469355,0,0,0.757993,7.871
1494,0.469355,0,0,0.757993,7.2818
1495,0.469355,0,0,0.757993,7.82881
1496,0.469355,0,0,0.757993,7.09576
1497,0.469355,0,0,0.757993,7.28123
1498,0.469355,0,0,0.757993,7.02366
1499,0.469355,0,0,0.757993,7.05121
1500,0.469355,0,0,0.757993,7.19235
1501,0.469355,0,0,0.757993,7.00704
1502,0.469355,0,0,0.757993,7.44038
1503,0.469355,0,0,0.757993,7.10137
1504,0.469355,0,0,0.757993,7.34728
1505,0.469355,0,0,0.757993,7.40253
1506,0.469355,0,0,0.757993,7.99362
1507,0.469355,0,0,0.757993,6.97972
1508,0.757993,1,0,0.757993,7.13749
1509,0.469355,0,0,0.757993,7.06766
1510,0.469355,0,0,0.757993,6.93293
1511,0.469355,0,0,0.757993,7.39574
1512,0.469355,0,0,0.757993,7.01994
1513,0.469355,0,0,0.757993,7.2202
1514,0.469355,0,0,0.757993,6.9507
1515,0.469355,0,0,0.757993,7.26972
1516,0.469355,0,0,0.757993,7.00628
1517,0.469355,0,0,0.757993,6.96993
1518,0.469355,0,0,0.757993,7.2981
1519,0.469355,0,0,0.757993,6.94644
1520,0.469355,0,0,0.757993,7.23104
1521,0.469355,0,0,0.757993,7.15886
1522,0.469355,0,0,0.757993,7.27235
1523,0.469355,0,0,0.757993,7.15782
1524,0.469355,0,0,0.757993,7.19959
1525,0.469355,0,0,0.757993,7.23994
1526,0.469355,0,0,0.757993,7.28967
1527,0.469355,0,0,0.757993,8.00731
1528,0.469355,0,0,0.757993,7.25257
1529,0.469355,0,0,0.757993,7.12679
1530,0.469355,0,0,0.757993,7.12725
1531,0.469355,0,0,0.757993,7.11032
1532,0.469355,0,0,0.757993,7.11242
1533,0.469355,0,0,0.757993,7.21455
1534,0.469355,0,0,0.757993,7.15092
1535,0.469355,0,0,0.757993,7.1122
1536,0.469355,0,0,0.757993,7.18713
1537,0.469355,0,0,0.757993,6.96894
1538,0.469355,0,0,0.757993,7.36248
1539,0.469355,0,0,0.757993,7.29352
1540,0.469355,0,0,0.757993,6.94844
1541,0.469355,0,0,0.757993,7.12511
1542,0.469355,0,0,0.757993,7.21445
1543,0.469355,0,0,0.757993,9.65674
1544,0.469355,0,0,0.757993,7.49096
1545,0.469355,0,0,0.757993,7.16688
1546,0.469355,0,0,0.757993,7.13978
1547,0.469355,0,0,0.757993,7.20433
1548,0.469355,0,0,0.757993,7.11474
1549,0.469355,0,0,0.757993,7.18082
1550,0.469355,0,0,0.757993,6.82651
1551,0.469355,0,0,0.757993,7.55603
1552,0.469355,0,0,0.757993,7.49631
1553,0.469355,0,0,0.757993,6.98224
1554,0.469355,0,0,0.757993,7.44755
1555,0.469355,0,0,0.757993,7.0635
1556,0.469355,0,0,0.757993,7.17407
1557,0.757993,1,0,0.757993,7.12196
1558,0.469355,0,0,0.757993,7.28701
1559,0.469355,0,0,0.757993,7.88968
1560,0.469355,0,0,0.757993,7.0759
1561,0.469355,0,0,0.757993,7.4066
1562,0.469355,0,0,0.757993,7.14332
1563,0.469355,0,0,0.757993,7.19639
1564,0.469355,0,0,0.757993,7.061
1565,0.469355,0,0,0.757993,7.18825
1566,0.469355,0,0,0.757993,7.19837
1567,0.469355,0,0,0.757993,7.13716
1568,0.469355,0,0,0.757993,7.29148
1569,0.469355,0,0,0.757993,7.06703
1570,0.469355,0,0,0.757993,7.43192
1571,0.469355,0,0,0.757993,7.03753
1572,0.469355,0,0,0.757993,7.44245
1573,0.469355,0,0,0.757993,7.19829
1574,0.469355,0,0,0.757993,7.52441
1575,0.469355,0,0,0.757993,6.98895
1576,0.469355,0,0,0.757993,7.33012
1577,0.469355,0,0,0.757993,7.22824
1578,0.469355,0,0,0.757993,7.15305
1579,0.469355,0,0,0.757993,7.49835
1580,0.469355,0,0,0.757993,7.01306
1581,0.469355,0,0,0.757993,7.30598
1582,0.469355,0,0,0.757993,7.36927
1583,0.469355,0,0,0.757993,7.43313
1584,0.469355,0,0,0.757993,7.088
1585,0.469355,0,0,0.757993,7.07704
1586,0.469355,0,0,0.757993,7.27913
1587,0.469355,0,0,0.757993,7.00303
1588,0.469355,0,0,0.757993,7.18333
1589,0.469355,0,0,0.757993,7.11513
1590,0.469355,0,0,0.757993,7.70317
1591,0.469355,0,0,0.757993,7.1216
1592,0.469355,0,0,0.757993,7.03731
1593,0.469355,0,0,0.757993,7.35422
1594,0.469355,0,0,0.757993,7.00833
1595,0.469355,0,0,0.757993,7.22468
1596,0.469355,0,0,0.757993,7.16286
1597,0.469355,0,0,0.757993,7.36084
1598,0.469355,0,0,0.757993,7.09513
1599,0.469355,0,0,0.757993,7.26873
1600,0.469355,0,0,0.757993,6.99287
1601,0.469355,0,0,0.757993,7.07843
1602,0.469355,0,0,0.757993,7.44543
1603,0.469355,0,0,0.757993,7.17786
1604,0.469355,0,0,0.757993,7.11959
1605,0.469355,0,0,0.757993,7.1285
1606,0.469355,0,0,0.757993,7.93048
1607,0.469355,0,0,0.757993,7.01303
1608,0.469355,0,0,0.757993,7.76261
1609,0.469355,0,0,0.757993,7.46829
1610,0.469355,0,0,0.757993,7.38029
1611,0.469355,0,0,0.757993,7.41441
1612,0.469355,0,0,0.757993,7.17999
1613,0.469355,0,0,0.757993,7.23168
1614,0.469355,0,0,0.757993,6.99962
1615,0.469355,0,0,0.757993,7.25285
1616,0.469355,0,0,0.757993,7.67855
1617,0.469355,0,0,0.757993,7.19426
1618,0.469355,0,0,0.757993,7.30185
1619,0.469355,0,0,0.757993,7.12842
1620,0.469355,0,0,0.757993,7.2177
1621,0.469355,0,0,0.757993,7.14751
1622,0.469355,0,0,0.757993,7.47421
1623,0.469355,0,0,0.757993,7.05289
1624,0.469355,0,0,0.757993,7.31094
1625,0.469355,0,0,0.757993,7.50768
1626,0.469355,0,0,0.757993,7.14423
1627,0.469355,0,0,0.757993,7.29778
1628,0.469355,0,0,0.757993,7.10482
1629,0.469355,0,0,0.757993,7.2358
1630,0.469355,0,0,0.757993,7.07593
1631,0.469355,0,0,0.757993,7.26928
1632,0.469355,0,0,0.757993,6.95499
1633,0.469355,0,0,0.757993,7.28295
1634,0.469355,0,0,0.757993,7.26911
1635,0.469355,0,0,0.757993,7.01475
1636,0.469355,0,0,0.757993,7.3235
1637,0.469355,0,0,0.757993,7.347
1638,0.469355,0,0,0.757993,7.90858
1639,0.469355,0,0,0.757993,7.21049
1640,0.469355,0,0,0.757993,7.26262
1641,0.469355,0,0,0.757993,6.98061
1642,0.469355,0,0,0.757993,7.25876
1643,0.469355,0,0,0.757993,7.03642
1644,0.469355,0,0,0.757993,7.05475
1645,0.469355,0,0,0.757993,7.48768
1646,0.469355,0,0,0.757993,7.40741
1647,0.469355,0,0,0.757993,7.10187
1648,0.469355,0,0,0.757993,7.16855
1649,0.469355,0,0,0.757993,7.09011
1650,0.469355,0,0,0.757993,7.08389
1651,0.469355,0,0,0.757993,7.02948
1652,0.469355,0,0,0.757993,7.25666
1653,0.469355,0,0,0.757993,7.0863
1654,0.469355,0,0,0.757993,7.56204
1655,0.469355,0,0,0.757993,7.11062
1656,0.469355,0,0,0.757993,7.17609
1657,0.469355,0,0,0.757993,7.04823
1658,0.757993,1,0,0.757993,7.18859
1659,0.469355,0,0,0.757993,7.28631
1660,0.469355,0,0,0.757993,7.35913
1661,0.469355,0,0,0.757993,7.22646
1662,0.469355,0,0,0.757993,7.05387
1663,0.469355,0,0,0.757993,7.28101
1664,0.469355,0,0,0.757993,7.0685
1665,0.469355,0,0,0.757993,7.25298
1666,0.469355,0,0,0.757993,7.10156
1667,0.469355,0,0,0.757993,7.24056
1668,0.469355,0,0,0.757993,7.09883
1669,0.469355,0,0,0.757993,7.0237
1670,0.469355,0,0,0.757993,7.6001
1671,0.469355,0,0,0.757993,7.15914
1672,0.469355,0,0,0.757993,7.36914
1673,0.469355,0,0,0.757993,6.96004
1674,0.469355,0,0,0.757993,7.2449
1675,0.469355,0,0,0.757993,7.01768
1676,0.469355,0,0,0.757993,7.32279
1677,0.469355,0,0,0.757993,7.0561
1678,0.469355,0,0,0.757993,7.06205
1679,0.469355,0,0,0.757993,7.38805
1680,0.469355,0,0,0.757993,7.04374
1681,0.469355,0,0,0.757993,7.40392
1682,0.469355,0,0,0.757993,7.17044
1683,0.469355,0,0,0.757993,7.405
1684,0.469355,0,0,0.757993,6.99099
1685,0.469355,0,0,0.757993,7.07083
1686,0.469355,0,0,0.757993,7.70316
1687,0.469355,0,0,0.757993,7.26511
1688,0.757993,1,0,0.757993,7.14076
1689,0.469355,0,0,0.757993,7.05231
1690,0.469355,0,0,0.757993,7.28467
1691,0.469355,0,0,0.757993,7.09871
1692,0.469355,0,0,0.757993,7.22779
1693,0.469355,0,0,0.757993,6.93932
1694,0.469355,0,0,0.757993,7.21944
1695,0.469355,0,0,0.757993,7.19195
1696,0.469355,0,0,0.757993,7.15712
1697,0.469355,0,0,0.757993,7.76104
1698,0.469355,0,0,0.757993,7.52495
1699,0.469355,0,0,0.757993,7.38854
1700,0.469355,0,0,0.757993,7.09712
1701,0.469355,0,0,0.757993,8.01744
1702,0.469355,0,0,0.757993,7.05354
1703,0.469355,0,0,0.757993,7.15485
1704,0.469355,0,0,0.757993,7.26485
1705,0.469355,0,0,0.757993,7.14497
1706,0.469355,0,0,0.757993,7.29683
1707,0.469355,0,0,0.757993,6.93097
1708,0.469355,0,0,0.757993,7.41509
1709,0.469355,0,0,0.757993,7.03662
1710,0.469355,0,0,0.757993,7.05795
1711,0.757993,1,0,0.757993,7.40326
1712,0.469355,0,0,0.757993,7.18005
1713,0.469355,0,0,0.757993,7.64522
1714,0.469355,0,0,0.757993,7.13219
1715,0.469355,0,0,0.757993,7.14081
1716,0.469355,0,0,0.757993,7.12301
1717,0.469355,0,0,0.757993,7.12233
1718,0.469355,0,0,0.757993,7.76672
1719,0.469355,0,0,0.757993,7.15022
1720,0.469355,0,0,0.757993,7.23954
1721,0.469355,0,0,0.757993,7.11278
1722,0.469355,0,0,0.757993,7.20071
1723,0.469355,0,0,0.757993,7.10499
1724,0.469355,0,0,0.757993,7.2483
1725,0.469355,0,0,0.757993,7.1045
1726,0.469355,0,0,0.757993,7.20025
1727,0.469355,0,0,0.757993,7.40567
1728,0.469355,0,0,0.757993,7.02852
1729,0.469355,0,0,0.757993,7.33262
1730,0.469355,0,0,0.757993,7.1225
1731,0.469355,0,0,0.757993,7.13619
1732,0.469355,0,0,0.757993,7.06161
1733,0.469355,0,0,0.757993,7.42756
1734,0.469355,0,0,0.757993,7.27299
1735,0.469355,0,0,0.757993,6.97892
1736,0.469355,0,0,0.757993,7.68631
1737,0.469355,0,0,0.757993,7.17546
1738,0.469355,0,0,0.757993,7.46499
1739,0.469355,0,0,0.757993,7.01315
1740,0.469355,0,0,0.757993,7.2631
1741,0.469355,0,0,0.757993,7.09527
1742,0.469355,0,0,0.757993,7.42303
1743,0.469355,0,0,0.757993,6.91218
1744,0.469355,0,0,0.757993,7.04966
1745,0.469355,0,0,0.757993,7.29755
1746,0.469355,0,0,0.757993,7.09046
1747,0.469355,0,0,0.757993,7.22443
1748,0.469355,0,0,0.757993,7.04374
1749,0.469355,0,0,0.757993,7.72864
1750,0.469355,0,0,0.757993,6.92598
1751,0.469355,0,0,0.757993,7.37511
1752,0.469355,0,0,0.757993,7.48434
1753,0.469355,0,0,0.757993,7.07706
1754,0.469355,0,0,0.757993,7.62665
1755,0.469355,0,0,0.757993,7.25732
1756,0.469355,0,0,0.757993,7.29827
1757,0.469355,0,0,0.757993,7.01784
1758,0.469355,0,0,0.757993,7.15192
1759,0.469355,0,0,0.757993,7.23541
1760,0.469355,0,0,0.757993,7.26037
1761,0.469355,0,0,0.757993,7.05451
1762,0.469355,0,0,0.757993,7.01926
1763,0.469355,0,0,0.757993,7.2781
1764,0.469355,0,0,0.757993,7.3491
1765,0.469355,0,0,0.757993,7.55259
1766,0.469355,0,0,0.757993,7.52653
1767,0.469355,0,0,0.757993,7.52205
1768,0.469355,0,0,0.757993,7.06166
1769,0.469355,0,0,0.757993,7.19173
1770,0.469355,0,0,0.757993,7.00956
1771,0.469355,0,0,0.757993,7.16807
1772,0.469355,0,0,0.757993,7.30507
1773,0.469355,0,0,0.757993,7.18284
1774,0.757993,1,0,0.757993,7.17776
1775,0.469355,0,0,0.757993,7.00746
1776,0.469355,0,0,0.757993,7.1712
1777,0.469355,0,0,0.757993,7.19478
1778,0.469355,0,0,0.757993,7.17787
1779,0.469355,0,0,0.757993,7.80128
1780,0.469355,0,0,0.757993,7.17376
1781,0.469355,0,0,0.757993,7.55541
1782,0.469355,0,0,0.757993,6.96657
1783,0.469355,0,0,0.757993,7.28133
1784,0.757993,1,0,0.757993,7.23439
1785,0.469355,0,0,0.757993,7.4245
1786,0.469355,0,0,0.757993,7.06497
1787,0.469355,0,0,0.757993,7.03558
1788,0.469355,0,0,0.757993,7.33583
1789,0.469355,0,0,0.757993,6.99412
1790,0.469355,0,0,0.757993,7.46994
1791,0.469355,0,0,0.757993,7.06152
1792,0.469355,0,0,0.757993,7.39678
1793,0.469355,0,0,0.757993,7.18972
1794,0.469355,0,0,0.757993,6.91771
1795,0.469355,0,0,0.757993,7.25374
1796,0.469355,0,0,0.757993,7.12944
1797,0.469355,0,0,0.757993,7.91434
1798,0.469355,0,0,0.757993,7.13996
1799,0.469355,0,0,0.757993,7.33102
1800,0.469355,0,0,0.757993,7.07588
1801,0.469355,0,0,0.757993,7.48059
1802,0.469355,0,0,0.757993,7.23567
1803,0.469355,0,0,0.757993,7.04949
1804,0.469355,0,0,0.757993,7.53449
1805,0.469355,0,0,0.757993,7.14506
1806,0.469355,0,0,0.757993,7.18592
1807,0.469355,0,0,0.757993,6.96106
1808,0.469355,0,0,0.757993,7.77889
1809,0.469355,0,0,0.757993,7.75993
1810,0.469355,0,0,0.757993,7.25114
1811,0.469355,0,0,0.757993,7.15436
1812,0.469355,0,0,0.757993,7.48074
1813,0.469355,0,0,0.757993,7.04699
1814,0.469355,0,0,0.757993,7.22502
1815,0.469355,0,0,0.757993,7.68292
1816,0.757993,1,0,0.757993,7.24039
1817,0.469355,0,0,0.757993,7.23213
1818,0.469355,0,0,0.757993,7.16603
1819,0.469355,0,0,0.757993,7.28068
1820,0.469355,0,0,0.757993,6.96848
1821,0.469355,0,0,0.757993,7.38516
1822,0.469355,0,0,0.757993,6.95821
1823,0.469355,0,0,0.757993,7.16176
1824,0.469355,0,0,0.757993,7.31438
1825,0.469355,0,0,0.757993,7.00256
1826,0.469355,0,0,0.757993,7.30451
1827,0.469355,0,0,0.757993,7.2416
1828,0.469355,0,0,0.757993,7.6777
1829,0.469355,0,0,0.757993,7.46002
1830,0.469355,0,0,0.757993,7.76887
1831,0.469355,0,0,0.757993,7.07348
1832,0.469355,0,0,0.757993,7.25085
1833,0.469355,0,0,0.757993,7.26209
1834,0.469355,0,0,0.757993,7.01554
1835,0.469355,0,0,0.757993,7.48372
1836,0.469355,0,0,0.757993,7.23771
1837,0.469355,0,0,0.757993,7.40231
1838,0.469355,0,0,0.757993,7.07574
1839,0.469355,0,0,0.757993,7.38667
1840,0.469355,0,0,0.757993,7.03849
1841,0.469355,0,0,0.757993,7.28163
1842,0.469355,0,0,0.757993,7.44823
1843,0.469355,0,0,0.757993,7.07338
1844,0.757993,1,0,0.757993,7.65203
1845,0.469355,0,0,0.757993,7.30933
1846,0.469355,0,0,0.757993,7.07985
1847,0.757993,1,0,0.757993,7.09886
1848,0.469355,0,0,0.757993,7.42586
1849,0.469355,0,0,0.757993,7.00281
1850,0.469355,0,0,0.757993,7.23174
1851,0.469355,0,0,0.757993,7.59616
1852,0.469355,0,0,0.757993,6.9277
1853,0.469355,0,0,0.757993,7.25624
1854,0.469355,0,0,0.757993,7.22692
1855,0.469355,0,0,0.757993,7.37264
1856,0.469355,0,0,0.757993,7.09589
1857,0.469355,0,0,0.757993,7.1268
1858,0.469355,0,0,0.757993,7.11733
1859,0.469355,0,0,0.757993,7.1083
1860,0.469355,0,0,0.757993,7.43984
1861,0.469355,0,0,0.757993,7.15041
1862,0.469355,0,0,0.757993,7.65567
1863,0.469355,0,0,0.757993,7.13809
1864,0.469355,0,0,0.757993,7.16077
1865,0.469355,0,0,0.757993,6.92904
1866,0.469355,0,0,0.757993,7.37762
1867,0.469355,0,0,0.757993,7.04213
1868,0.757993,1,0,0.757993,7.14968
1869,0.469355,0,0,0.757993,7.24966
1870,0.469355,0,0,0.757993,7.02225
1871,0.469355,0,0,0.757993,7.53626
1872,0.469355,0,0,0.757993,7.03273
1873,0.469355,0,0,0.757993,8.40774
1874,0.469355,0,0,0.757993,7.09815
1875,0.469355,0,0,0.757993,7.78638
1876,0.469355,0,0,0.757993,7.11156
1877,0.469355,0,0,0.757993,7.29333
1878,0.469355,0,0,0.757993,7.11778
1879,0.469355,0,0,0.757993,7.28147
1880,0.469355,0,0,0.757993,7.10693
1881,0.469355,0,0,0.757993,7.29787
1882,0.469355,0,0,0.757993,7.2771
1883,0.469355,0,0,0.757993,6.9014
1884,0.469355,0,0,0.757993,7.0843
1885,0.469355,0,0,0.757993,7.17561
1886,0.469355,0,0,0.757993,7.03751
1887,0.469355,0,0,0.757993,7.23569
1888,0.469355,0,0,0.757993,7.09364
1889,0.469355,0,0,0.757993,7.19209
1890,0.469355,0,0,0.757993,7.09081
1891,0.469355,0,0,0.757993,7.53968
1892,0.469355,0,0,0.757993,7.21971
1893,0.469355,0,0,0.757993,7.13738
1894,0.469355,0,0,0.757993,7.70102
1895,0.469355,0,0,0.757993,7.16742
1896,0.469355,0,0,0.757993,7.93992
1897,0.757993,1,0,0.757993,7.17591
1898,0.469355,0,0,0.757993,7.12369
1899,0.469355,0,0,0.757993,7.05206
1900,0.469355,0,0,0.757993,7.30262
1901,0.469355,0,0,0.757993,7.15719
1902,0.469355,0,0,0.757993,7.20904
1903,0.469355,0,0,0.757993,7.29929
1904,0.469355,0,0,0.757993,7.00261
1905,0.469355,0,0,0.757993,7.3044
1906,0.469355,0,0,0.757993,7.02525
1907,0.469355,0,0,0.757993,7.99412
1908,0.469355,0,0,0.757993,7.12886
1909,0.469355,0,0,0.757993,7.30554
1910,0.469355,0,0,0.757993,6.96939
1911,0.469355,0,0,0.757993,7.08761
1912,0.469355,0,0,0.757993,7.47014
1913,0.469355,0,0,0.757993,7.05853
1914,0.469355,0,0,0.757993,7.19324
1915,0.469355,0,0,0.757993,7.07287
1916,0.469355,0,0,0.757993,7.48175
1917,0.469355,0,0,0.757993,7.42306
1918,0.469355,0,0,0.757993,7.18729
1919,0.469355,0,0,0.757993,7.15798
1920,0.469355,0,0,0.757993,7.28622
1921,0.469355,0,0,0.757993,7.22282
1922,0.469355,0,0,0.757993,6.88038
1923,0.469355,0,0,0.757993,7.75011
1924,0.469355,0,0,0.757993,7.18916
1925,0.469355,0,0,0.757993,7.06325
1926,0.469355,0,0,0.757993,7.13359
1927,0.469355,0,0,0.757993,7.29515
1928,0.469355,0,0,0.757993,7.55097
1929,0.469355,0,0,0.757993,7.15239
1930,0.469355,0,0,0.757993,7.41222
1931,0.469355,0,0,0.757993,7.15597
1932,0.469355,0,0,0.757993,7.23766
1933,0.469355,0,0,0.757993,7.10592
1934,0.469355,0,0,0.757993,7.4008
1935,0.469355,0,0,0.757993,7.24226
1936,0.469355,0,0,0.757993,7.24691
1937,0.469355,0,0,0.757993,7.58097
1938,0.469355,0,0,0.757993,7.1958
1939,0.757993,1,0,0.757993,7.49436
1940,0.469355,0,0,0.757993,7.01436
1941,0.469355,0,0,0.757993,7.13564
1942,0.469355,0,0,0.757993,7.03247
1943,0.469355,0,0,0.757993,7.18295
1944,0.469355,0,0,0.757993,7.16162
1945,0.469355,0,0,0.757993,7.05154
1946,0.469355,0,0,0.757993,7.43749
1947,0.469355,0,0,0.757993,6.98316
1948,0.469355,0,0,0.757993,7.28884
1949,0.469355,0,0,0.757993,7.06775
1950,0.469355,0,0,0.757993,7.12029
1951,0.469355,0,0,0.757993,7.26896
1952,0.469355,0,0,0.757993,7.10713
1953,0.469355,0,0,0.757993,7.16752
1954,0.469355,0,0,0.757993,7.13669
1955,0.757993,1,0,0.757993,7.71957
1956,0.469355,0,0,0.757993,6.97288
1957,0.469355,0,0,0.757993,7.24325
1958,0.469355,0,0,0.757993,7.0902
1959,0.469355,0,0,0.757993,7.03624
1960,0.469355,0,0,0.757993,7.23175
1961,0.469355,0,0,0.757993,7.24598
1962,0.469355,0,0,0.757993,7.16998
1963,0.469355,0,0,0.757993,7.19355
1964,0.469355,0,0,0.757993,7.22063
1965,0.469355,0,0,0.757993,7.07299
1966,0.469355,0,0,0.757993,7.89054
1967,0.469355,0,0,0.757993,7.02356
1968,0.469355,0,0,0.757993,7.20198
1969,0.469355,0,0,0.757993,7.32153
1970,0.469355,0,0,0.757993,7.20238
1971,0.469355,0,0,0.757993,10.5968
1972,0.469355,0,0,0.757993,7.45712
1973,0.469355,0,0,0.757993,7.59853
1974,0.469355,0,0,0.757993,7.26254
1975,0.469355,0,0,0.757993,7.22391
1976,0.469355,0,0,0.757993,7.24372
1977,0.469355,0,0,0.757993,7.3228
1978,0.469355,0,0,0.757993,7.04013
1979,0.469355,0,0,0.757993,7.40527
1980,0.469355,0,0,0.757993,7.13989
1981,0.469355,0,0,0.757993,6.92422
1982,0.469355,0,0,0.757993,7.44144
1983,0.469355,0,0,0.757993,7.30837
1984,0.469355,0,0,0.757993,7.28039
1985,0.469355,0,0,0.757993,7.16579
1986,0.469355,0,0,0.757993,7.99594
1987,0.469355,0,0,0.757993,7.16425
1988,0.469355,0,0,0.757993,7.23051
1989,0.469355,0,0,0.757993,7.15003
1990,0.469355,0,0,0.757993,7.19938
1991,0.469355,0,0,0.757993,7.34159
1992,0.469355,0,0,0.757993,7.11828
1993,0.469355,0,0,0.757993,7.20831
1994,0.469355,0,0,0.757993,7.00711
1995,0.469355,0,0,0.757993,7.66795
1996,0.469355,0,0,0.757993,7.37129
1997,0.469355,0,0,0.757993,7.35388
1998,0.469355,0,0,0.757993,7.15165
1999,0.469355,0,0,0.757993,7.00579
